pays,zone,annee,culture,production_tonnes,surface_ha,rendement_kg_ha,valeur_production_kUSD
Madagascar,Afrique de l'Est,2000,Canne à sucre,2478386.0,45375.0,54619.6,693948.2
Madagascar,Afrique de l'Est,2000,Vanille,2948.0,4260.0,691.9,117904.2
Madagascar,Afrique de l'Est,2000,Café,57117.0,164954.0,346.3,159926.5
Madagascar,Afrique de l'Est,2000,Girofle,15621.0,12950.0,1206.3,70295.2
Madagascar,Afrique de l'Est,2000,Noix de coco,97703.0,27792.0,3515.5,53736.9
Mozambique,Afrique de l'Est,2000,Canne à sucre,3645466.0,61239.0,59528.1,1020730.6
Mozambique,Afrique de l'Est,2000,Vanille,120.0,302.0,398.3,4812.0
Mozambique,Afrique de l'Est,2000,Café,21615.0,79959.0,270.3,60520.9
Mozambique,Afrique de l'Est,2000,Girofle,2105.0,2361.0,891.3,9471.6
Mozambique,Afrique de l'Est,2000,Noix de coco,24102.0,7693.0,3132.9,13255.9
Kenya,Afrique de l'Est,2000,Canne à sucre,5377294.0,77352.0,69517.0,1505642.4
Kenya,Afrique de l'Est,2000,Vanille,85.0,224.0,377.5,3384.6
Kenya,Afrique de l'Est,2000,Café,50953.0,92353.0,551.7,142668.2
Kenya,Afrique de l'Est,2000,Girofle,734.0,1080.0,679.6,3301.8
Kenya,Afrique de l'Est,2000,Noix de coco,140961.0,28436.0,4957.2,77528.6
Tanzania,Afrique de l'Est,2000,Canne à sucre,2407171.0,40755.0,59064.3,674007.9
Tanzania,Afrique de l'Est,2000,Vanille,192.0,472.0,407.9,7699.0
Tanzania,Afrique de l'Est,2000,Café,55655.0,125597.0,443.1,155832.9
Tanzania,Afrique de l'Est,2000,Girofle,11410.0,10850.0,1051.6,51345.5
Tanzania,Afrique de l'Est,2000,Noix de coco,557375.0,109788.0,5076.8,306556.4
Uganda,Afrique de l'Est,2000,Canne à sucre,1954045.0,37720.0,51804.4,547132.7
Uganda,Afrique de l'Est,2000,Vanille,57.0,176.0,325.3,2289.4
Uganda,Afrique de l'Est,2000,Café,285573.0,415750.0,686.9,799605.5
Uganda,Afrique de l'Est,2000,Girofle,199.0,298.0,667.8,895.9
Uganda,Afrique de l'Est,2000,Noix de coco,15558.0,4983.0,3122.0,8556.9
Ethiopia,Afrique de l'Est,2000,Canne à sucre,1073427.0,15429.0,69570.5,300559.5
Ethiopia,Afrique de l'Est,2000,Vanille,30.0,97.0,309.0,1194.9
Ethiopia,Afrique de l'Est,2000,Café,467011.0,616067.0,758.1,1307629.9
Ethiopia,Afrique de l'Est,2000,Girofle,97.0,190.0,508.3,434.7
Maurice,Océan Indien,2000,Canne à sucre,3603248.0,51529.0,69926.9,1008909.4
Maurice,Océan Indien,2000,Vanille,11.0,21.0,517.9,426.0
Maurice,Océan Indien,2000,Girofle,196.0,229.0,855.8,882.7
Maurice,Océan Indien,2000,Noix de coco,8589.0,1563.0,5493.4,4723.9
Comores,Océan Indien,2000,Canne à sucre,15088.0,316.0,47776.1,4224.6
Comores,Océan Indien,2000,Vanille,339.0,592.0,572.9,13566.3
Comores,Océan Indien,2000,Café,4908.0,15571.0,315.2,13741.5
Comores,Océan Indien,2000,Girofle,6860.0,6352.0,1079.9,30868.1
Comores,Océan Indien,2000,Noix de coco,51691.0,10733.0,4816.1,28430.1
Seychelles,Océan Indien,2000,Vanille,6.0,13.0,431.0,220.7
Seychelles,Océan Indien,2000,Girofle,47.0,62.0,766.4,213.1
Seychelles,Océan Indien,2000,Noix de coco,3219.0,564.0,5702.1,1770.3
Réunion,Océan Indien,2000,Canne à sucre,1796413.0,24957.0,71981.5,502995.7
Réunion,Océan Indien,2000,Vanille,28.0,48.0,586.5,1137.0
Réunion,Océan Indien,2000,Café,513.0,1258.0,407.5,1435.4
Réunion,Océan Indien,2000,Girofle,33.0,39.0,858.1,149.1
Réunion,Océan Indien,2000,Noix de coco,5864.0,1010.0,5807.7,3225.3
Brésil,Amériques tropicales,2000,Canne à sucre,752343203.0,10525700.0,71476.8,210656096.9
Brésil,Amériques tropicales,2000,Vanille,143.0,289.0,495.2,5731.2
Brésil,Amériques tropicales,2000,Café,3082683.0,2434941.0,1266.0,8631513.1
Brésil,Amériques tropicales,2000,Girofle,15919.0,12580.0,1265.4,71635.9
Brésil,Amériques tropicales,2000,Noix de coco,3151970.0,544404.0,5789.8,1733583.3
Inde,Asie tropicale,2000,Canne à sucre,320005073.0,4581759.0,69843.3,89601420.3
Inde,Asie tropicale,2000,Vanille,192.0,262.0,731.7,7663.9
Inde,Asie tropicale,2000,Café,351499.0,407384.0,862.8,984198.1
Inde,Asie tropicale,2000,Girofle,76289.0,46827.0,1629.2,343301.9
Inde,Asie tropicale,2000,Noix de coco,16118859.0,2567210.0,6278.7,8865372.3
Thaïlande,Asie tropicale,2000,Canne à sucre,86612556.0,1247791.0,69412.7,24251515.8
Thaïlande,Asie tropicale,2000,Vanille,38.0,85.0,441.2,1502.0
Thaïlande,Asie tropicale,2000,Café,28386.0,48489.0,585.4,79480.7
Thaïlande,Asie tropicale,2000,Girofle,471.0,579.0,814.1,2121.4
Thaïlande,Asie tropicale,2000,Noix de coco,1136469.0,219661.0,5173.7,625057.8
Indonésie,Asie tropicale,2000,Canne à sucre,35687316.0,536409.0,66530.0,9992448.5
Indonésie,Asie tropicale,2000,Vanille,2161.0,3569.0,605.7,86460.0
Indonésie,Asie tropicale,2000,Café,705325.0,1023642.0,689.0,1974909.2
Indonésie,Asie tropicale,2000,Girofle,110018.0,72053.0,1526.9,495081.8
Indonésie,Asie tropicale,2000,Noix de coco,19089025.0,3365651.0,5671.7,10498963.8
Malaisie,Asie tropicale,2000,Canne à sucre,891276.0,9385.0,94967.4,249557.4
Malaisie,Asie tropicale,2000,Vanille,17.0,36.0,463.3,662.6
Malaisie,Asie tropicale,2000,Café,17254.0,32474.0,531.3,48311.4
Malaisie,Asie tropicale,2000,Girofle,1266.0,1135.0,1115.5,5695.0
Malaisie,Asie tropicale,2000,Noix de coco,494990.0,68049.0,7274.1,272244.6
Madagascar,Afrique de l'Est,2001,Canne à sucre,2183540.0,37764.0,57819.9,611391.3
Madagascar,Afrique de l'Est,2001,Vanille,2660.0,4164.0,638.7,106383.6
Madagascar,Afrique de l'Est,2001,Café,53823.0,139126.0,386.9,150705.2
Madagascar,Afrique de l'Est,2001,Girofle,13660.0,11532.0,1184.6,61471.1
Madagascar,Afrique de l'Est,2001,Noix de coco,88884.0,25896.0,3432.4,48886.2
Mozambique,Afrique de l'Est,2001,Canne à sucre,4144691.0,63397.0,65376.4,1160513.6
Mozambique,Afrique de l'Est,2001,Vanille,125.0,296.0,421.6,4984.7
Mozambique,Afrique de l'Est,2001,Café,22212.0,77418.0,286.9,62193.4
Mozambique,Afrique de l'Est,2001,Girofle,2017.0,2118.0,952.4,9078.6
Mozambique,Afrique de l'Est,2001,Noix de coco,20623.0,6672.0,3090.8,11342.5
Kenya,Afrique de l'Est,2001,Canne à sucre,5428862.0,73824.0,73538.3,1520081.5
Kenya,Afrique de l'Est,2001,Vanille,81.0,204.0,396.9,3235.5
Kenya,Afrique de l'Est,2001,Café,48542.0,80652.0,601.9,135917.8
Kenya,Afrique de l'Est,2001,Girofle,853.0,1190.0,716.8,3839.3
Kenya,Afrique de l'Est,2001,Noix de coco,144230.0,29923.0,4820.0,79326.6
Tanzania,Afrique de l'Est,2001,Canne à sucre,2384412.0,37469.0,63637.2,667635.4
Tanzania,Afrique de l'Est,2001,Vanille,210.0,511.0,410.8,8389.2
Tanzania,Afrique de l'Est,2001,Café,57960.0,141793.0,408.8,162286.6
Tanzania,Afrique de l'Est,2001,Girofle,,,,
Tanzania,Afrique de l'Est,2001,Noix de coco,575418.0,113639.0,5063.5,316479.7
Uganda,Afrique de l'Est,2001,Canne à sucre,1866055.0,36012.0,51818.2,522495.5
Uganda,Afrique de l'Est,2001,Vanille,64.0,176.0,362.7,2559.4
Uganda,Afrique de l'Est,2001,Café,265438.0,404252.0,656.6,743227.1
Uganda,Afrique de l'Est,2001,Girofle,195.0,306.0,637.7,878.0
Uganda,Afrique de l'Est,2001,Noix de coco,16544.0,5379.0,3075.8,9099.5
Ethiopia,Afrique de l'Est,2001,Canne à sucre,,,,
Ethiopia,Afrique de l'Est,2001,Vanille,31.0,107.0,284.4,1221.7
Ethiopia,Afrique de l'Est,2001,Café,471237.0,686087.0,686.8,1319464.8
Ethiopia,Afrique de l'Est,2001,Girofle,103.0,205.0,502.8,463.7
Maurice,Océan Indien,2001,Canne à sucre,3954782.0,57885.0,68321.9,1107338.9
Maurice,Océan Indien,2001,Vanille,10.0,20.0,496.7,390.9
Maurice,Océan Indien,2001,Girofle,192.0,208.0,921.8,864.8
Maurice,Océan Indien,2001,Noix de coco,8713.0,1687.0,5163.4,4792.2
Comores,Océan Indien,2001,Canne à sucre,15104.0,308.0,49112.5,4229.0
Comores,Océan Indien,2001,Vanille,368.0,628.0,586.4,14735.9
Comores,Océan Indien,2001,Café,5424.0,15686.0,345.8,15188.5
Comores,Océan Indien,2001,Girofle,8921.0,8550.0,1043.4,40142.9
Comores,Océan Indien,2001,Noix de coco,57389.0,12295.0,4667.5,31563.9
Seychelles,Océan Indien,2001,Vanille,6.0,13.0,438.4,221.0
Seychelles,Océan Indien,2001,Girofle,51.0,66.0,780.2,230.5
Seychelles,Océan Indien,2001,Noix de coco,3525.0,557.0,6333.1,1938.7
Réunion,Océan Indien,2001,Canne à sucre,1846552.0,23810.0,77552.1,517034.7
Réunion,Océan Indien,2001,Vanille,24.0,39.0,621.5,970.5
Réunion,Océan Indien,2001,Café,523.0,1234.0,423.5,1464.0
Réunion,Océan Indien,2001,Girofle,33.0,39.0,851.9,149.8
Réunion,Océan Indien,2001,Noix de coco,5812.0,1030.0,5644.4,3196.4
Brésil,Amériques tropicales,2001,Canne à sucre,651354902.0,9075237.0,71772.8,182379372.6
Brésil,Amériques tropicales,2001,Vanille,157.0,313.0,500.0,6262.8
Brésil,Amériques tropicales,2001,Café,3212894.0,2511013.0,1279.5,8996103.7
Brésil,Amériques tropicales,2001,Girofle,15997.0,12684.0,1261.2,71987.2
Brésil,Amériques tropicales,2001,Noix de coco,2748588.0,473083.0,5810.0,1511723.6
Inde,Asie tropicale,2001,Canne à sucre,,,,
Inde,Asie tropicale,2001,Vanille,215.0,312.0,687.5,8587.4
Inde,Asie tropicale,2001,Café,350804.0,436727.0,803.3,982251.3
Inde,Asie tropicale,2001,Girofle,81527.0,52784.0,1544.5,366873.2
Inde,Asie tropicale,2001,Noix de coco,14900038.0,2233460.0,6671.3,8195020.9
Thaïlande,Asie tropicale,2001,Canne à sucre,85206102.0,1208031.0,70533.0,23857708.7
Thaïlande,Asie tropicale,2001,Vanille,39.0,84.0,460.7,1545.2
Thaïlande,Asie tropicale,2001,Café,24690.0,39187.0,630.0,69130.8
Thaïlande,Asie tropicale,2001,Girofle,537.0,690.0,778.3,2418.3
Thaïlande,Asie tropicale,2001,Noix de coco,1155963.0,209295.0,5523.1,635779.7
Indonésie,Asie tropicale,2001,Canne à sucre,31801334.0,476383.0,66755.8,8904373.5
Indonésie,Asie tropicale,2001,Vanille,1981.0,3152.0,628.7,79258.5
Indonésie,Asie tropicale,2001,Café,659667.0,952033.0,692.9,1847068.1
Indonésie,Asie tropicale,2001,Girofle,112093.0,78552.0,1427.0,504419.5
Indonésie,Asie tropicale,2001,Noix de coco,17662029.0,3061703.0,5768.7,9714115.7
Malaisie,Asie tropicale,2001,Canne à sucre,805968.0,8980.0,89751.8,225670.9
Malaisie,Asie tropicale,2001,Vanille,15.0,31.0,486.2,606.6
Malaisie,Asie tropicale,2001,Café,16046.0,29779.0,538.8,44927.7
Malaisie,Asie tropicale,2001,Girofle,1121.0,986.0,1136.8,5044.5
Malaisie,Asie tropicale,2001,Noix de coco,491822.0,75304.0,6531.1,270502.1
Madagascar,Afrique de l'Est,2002,Canne à sucre,2525287.0,45659.0,55307.3,707080.4
Madagascar,Afrique de l'Est,2002,Vanille,2950.0,4583.0,643.7,117996.9
Madagascar,Afrique de l'Est,2002,Café,60562.0,157437.0,384.7,169573.7
Madagascar,Afrique de l'Est,2002,Girofle,15852.0,12970.0,1222.2,71335.4
Madagascar,Afrique de l'Est,2002,Noix de coco,85518.0,23756.0,3599.8,47034.8
Mozambique,Afrique de l'Est,2002,Canne à sucre,4157671.0,68950.0,60300.1,1164147.9
Mozambique,Afrique de l'Est,2002,Vanille,129.0,332.0,389.7,5173.3
Mozambique,Afrique de l'Est,2002,Café,19814.0,70284.0,281.9,55478.7
Mozambique,Afrique de l'Est,2002,Girofle,2185.0,2505.0,872.4,9834.3
Mozambique,Afrique de l'Est,2002,Noix de coco,22243.0,7135.0,3117.6,12233.4
Kenya,Afrique de l'Est,2002,Canne à sucre,5308476.0,74665.0,71097.5,1486373.3
Kenya,Afrique de l'Est,2002,Vanille,81.0,207.0,389.5,3231.8
Kenya,Afrique de l'Est,2002,Café,49317.0,81456.0,605.4,138088.1
Kenya,Afrique de l'Est,2002,Girofle,833.0,1154.0,721.9,3750.2
Kenya,Afrique de l'Est,2002,Noix de coco,141081.0,29538.0,4776.3,77594.8
Tanzania,Afrique de l'Est,2002,Canne à sucre,2288748.0,39536.0,57890.9,640849.6
Tanzania,Afrique de l'Est,2002,Vanille,180.0,408.0,441.3,7196.3
Tanzania,Afrique de l'Est,2002,Café,53567.0,133260.0,402.0,149986.3
Tanzania,Afrique de l'Est,2002,Girofle,12106.0,10875.0,1113.3,54478.9
Tanzania,Afrique de l'Est,2002,Noix de coco,569074.0,117584.0,4839.7,312990.7
Uganda,Afrique de l'Est,2002,Canne à sucre,1668055.0,30802.0,54153.9,467055.3
Uganda,Afrique de l'Est,2002,Vanille,59.0,169.0,347.2,2351.7
Uganda,Afrique de l'Est,2002,Café,285069.0,413880.0,688.8,798192.5
Uganda,Afrique de l'Est,2002,Girofle,197.0,312.0,632.0,888.6
Uganda,Afrique de l'Est,2002,Noix de coco,14744.0,4547.0,3242.7,8109.2
Ethiopia,Afrique de l'Est,2002,Canne à sucre,1287397.0,19202.0,67045.6,360471.2
Ethiopia,Afrique de l'Est,2002,Vanille,33.0,108.0,305.6,1318.2
Ethiopia,Afrique de l'Est,2002,Café,467612.0,641662.0,728.8,1309312.4
Ethiopia,Afrique de l'Est,2002,Girofle,103.0,197.0,521.8,461.9
Maurice,Océan Indien,2002,Canne à sucre,3481602.0,47140.0,73855.9,974848.6
Maurice,Océan Indien,2002,Vanille,,,,
Maurice,Océan Indien,2002,Girofle,153.0,186.0,821.8,686.6
Maurice,Océan Indien,2002,Noix de coco,7618.0,1454.0,5239.5,4189.8
Comores,Océan Indien,2002,Canne à sucre,15263.0,349.0,43744.4,4273.7
Comores,Océan Indien,2002,Vanille,367.0,604.0,607.2,14670.0
Comores,Océan Indien,2002,Café,4881.0,15822.0,308.5,13666.3
Comores,Océan Indien,2002,Girofle,7853.0,7921.0,991.5,35340.0
Comores,Océan Indien,2002,Noix de coco,48662.0,10932.0,4451.2,26763.9
Seychelles,Océan Indien,2002,Vanille,5.0,13.0,411.9,215.8
Seychelles,Océan Indien,2002,Girofle,53.0,66.0,811.7,239.6
Seychelles,Océan Indien,2002,Noix de coco,3430.0,572.0,5991.9,1886.5
Réunion,Océan Indien,2002,Canne à sucre,1971473.0,26398.0,74681.9,552012.4
Réunion,Océan Indien,2002,Vanille,27.0,45.0,609.1,1096.4
Réunion,Océan Indien,2002,Café,495.0,1181.0,418.8,1384.6
Réunion,Océan Indien,2002,Girofle,31.0,34.0,895.1,138.4
Réunion,Océan Indien,2002,Noix de coco,5788.0,956.0,6052.9,3183.4
Brésil,Amériques tropicales,2002,Canne à sucre,809216285.0,11683121.0,69263.7,226580559.7
Brésil,Amériques tropicales,2002,Vanille,164.0,330.0,497.6,6577.9
Brésil,Amériques tropicales,2002,Café,3189219.0,2636140.0,1209.8,8929814.2
Brésil,Amériques tropicales,2002,Girofle,16962.0,13018.0,1302.9,76329.4
Brésil,Amériques tropicales,2002,Noix de coco,2745258.0,474189.0,5789.4,1509891.9
Inde,Asie tropicale,2002,Canne à sucre,332638254.0,4860402.0,68438.4,93138711.1
Inde,Asie tropicale,2002,Vanille,205.0,295.0,695.9,8208.4
Inde,Asie tropicale,2002,Café,355678.0,397090.0,895.7,995897.7
Inde,Asie tropicale,2002,Girofle,75236.0,49380.0,1523.6,338561.2
Inde,Asie tropicale,2002,Noix de coco,15978057.0,2491842.0,6412.1,8787931.3
Thaïlande,Asie tropicale,2002,Canne à sucre,81456482.0,1110609.0,73344.0,22807814.9
Thaïlande,Asie tropicale,2002,Vanille,40.0,89.0,456.6,1619.6
Thaïlande,Asie tropicale,2002,Café,30684.0,49089.0,625.1,85915.5
Thaïlande,Asie tropicale,2002,Girofle,509.0,671.0,758.3,2291.3
Thaïlande,Asie tropicale,2002,Noix de coco,1043434.0,187247.0,5572.5,573888.6
Indonésie,Asie tropicale,2002,Canne à sucre,35019249.0,503754.0,69516.6,9805389.8
Indonésie,Asie tropicale,2002,Vanille,2004.0,3276.0,611.9,80171.7
Indonésie,Asie tropicale,2002,Café,693747.0,981954.0,706.5,1942491.6
Indonésie,Asie tropicale,2002,Girofle,109968.0,80260.0,1370.1,494858.1
Indonésie,Asie tropicale,2002,Noix de coco,18966840.0,3129961.0,6059.8,10431761.9
Malaisie,Asie tropicale,2002,Canne à sucre,731612.0,7748.0,94424.6,204851.5
Malaisie,Asie tropicale,2002,Vanille,15.0,30.0,506.0,616.9
Malaisie,Asie tropicale,2002,Café,19548.0,36812.0,531.0,54735.5
Malaisie,Asie tropicale,2002,Girofle,1255.0,1113.0,1127.1,5645.4
Malaisie,Asie tropicale,2002,Noix de coco,508991.0,73732.0,6903.3,279944.8
Madagascar,Afrique de l'Est,2003,Canne à sucre,2489376.0,40390.0,61633.8,697025.3
Madagascar,Afrique de l'Est,2003,Vanille,2930.0,4535.0,646.1,117199.5
Madagascar,Afrique de l'Est,2003,Café,50334.0,141230.0,356.4,140936.2
Madagascar,Afrique de l'Est,2003,Girofle,14355.0,11706.0,1226.2,64596.7
Madagascar,Afrique de l'Est,2003,Noix de coco,108651.0,29739.0,3653.4,59757.8
Mozambique,Afrique de l'Est,2003,Canne à sucre,3978730.0,67856.0,58634.6,1114044.3
Mozambique,Afrique de l'Est,2003,Vanille,121.0,301.0,401.6,4832.5
Mozambique,Afrique de l'Est,2003,Café,21413.0,76434.0,280.2,59956.4
Mozambique,Afrique de l'Est,2003,Girofle,2191.0,2297.0,953.7,9859.6
Mozambique,Afrique de l'Est,2003,Noix de coco,22689.0,7671.0,2957.9,12479.0
Kenya,Afrique de l'Est,2003,Canne à sucre,4985151.0,65604.0,75988.4,1395842.4
Kenya,Afrique de l'Est,2003,Vanille,86.0,223.0,384.4,3429.0
Kenya,Afrique de l'Est,2003,Café,46276.0,82094.0,563.7,129574.0
Kenya,Afrique de l'Est,2003,Girofle,825.0,1133.0,728.1,3712.6
Kenya,Afrique de l'Est,2003,Noix de coco,145726.0,29354.0,4964.4,80149.1
Tanzania,Afrique de l'Est,2003,Canne à sucre,2606649.0,44305.0,58833.6,729861.7
Tanzania,Afrique de l'Est,2003,Vanille,202.0,461.0,437.5,8074.3
Tanzania,Afrique de l'Est,2003,Café,55068.0,131817.0,417.8,154190.7
Tanzania,Afrique de l'Est,2003,Girofle,13371.0,12388.0,1079.4,60170.1
Tanzania,Afrique de l'Est,2003,Noix de coco,530009.0,109058.0,4859.9,291504.7
Uganda,Afrique de l'Est,2003,Canne à sucre,1686902.0,32516.0,51878.9,472332.6
Uganda,Afrique de l'Est,2003,Vanille,62.0,177.0,350.0,2474.8
Uganda,Afrique de l'Est,2003,Café,280761.0,383782.0,731.6,786131.8
Uganda,Afrique de l'Est,2003,Girofle,203.0,302.0,671.9,911.7
Uganda,Afrique de l'Est,2003,Noix de coco,14638.0,4958.0,2952.7,8051.1
Ethiopia,Afrique de l'Est,2003,Canne à sucre,,,,
Ethiopia,Afrique de l'Est,2003,Vanille,29.0,95.0,308.5,1166.7
Ethiopia,Afrique de l'Est,2003,Café,540160.0,701701.0,769.8,1512447.2
Ethiopia,Afrique de l'Est,2003,Girofle,89.0,184.0,484.5,400.2
Maurice,Océan Indien,2003,Canne à sucre,3693142.0,53528.0,68994.9,1034079.6
Maurice,Océan Indien,2003,Vanille,10.0,21.0,484.3,409.2
Maurice,Océan Indien,2003,Girofle,211.0,248.0,850.8,947.9
Maurice,Océan Indien,2003,Noix de coco,7794.0,1448.0,5383.2,4286.6
Comores,Océan Indien,2003,Canne à sucre,14839.0,296.0,50066.2,4154.9
Comores,Océan Indien,2003,Vanille,369.0,624.0,591.4,14757.1
Comores,Océan Indien,2003,Café,4930.0,13915.0,354.3,13804.9
Comores,Océan Indien,2003,Girofle,7661.0,7296.0,1050.0,34474.0
Comores,Océan Indien,2003,Noix de coco,49389.0,9685.0,5099.6,27164.2
Seychelles,Océan Indien,2003,Vanille,4.0,9.0,451.2,168.5
Seychelles,Océan Indien,2003,Girofle,48.0,60.0,802.2,216.2
Seychelles,Océan Indien,2003,Noix de coco,3057.0,478.0,6389.7,1681.3
Réunion,Océan Indien,2003,Canne à sucre,1841389.0,25920.0,71042.5,515589.0
Réunion,Océan Indien,2003,Vanille,27.0,47.0,577.0,1078.3
Réunion,Océan Indien,2003,Café,569.0,1244.0,457.0,1591.9
Réunion,Océan Indien,2003,Girofle,31.0,32.0,954.1,138.1
Réunion,Océan Indien,2003,Noix de coco,5972.0,1022.0,5846.0,3284.6
Brésil,Amériques tropicales,2003,Canne à sucre,808098185.0,11176158.0,72305.5,226267491.9
Brésil,Amériques tropicales,2003,Vanille,158.0,325.0,486.4,6331.4
Brésil,Amériques tropicales,2003,Café,3112234.0,2460616.0,1264.8,8714254.5
Brésil,Amériques tropicales,2003,Girofle,17039.0,12978.0,1312.9,76677.0
Brésil,Amériques tropicales,2003,Noix de coco,2666921.0,428146.0,6229.0,1466806.6
Inde,Asie tropicale,2003,Canne à sucre,365468329.0,5445943.0,67108.4,102331132.1
Inde,Asie tropicale,2003,Vanille,207.0,304.0,681.5,8287.3
Inde,Asie tropicale,2003,Café,318280.0,370728.0,858.5,891184.5
Inde,Asie tropicale,2003,Girofle,74737.0,46811.0,1596.6,336314.9
Inde,Asie tropicale,2003,Noix de coco,15290650.0,2429519.0,6293.7,8409857.7
Thaïlande,Asie tropicale,2003,Canne à sucre,84079832.0,1171415.0,71776.3,23542353.0
Thaïlande,Asie tropicale,2003,Vanille,39.0,84.0,460.5,1551.4
Thaïlande,Asie tropicale,2003,Café,27864.0,48157.0,578.6,78019.1
Thaïlande,Asie tropicale,2003,Girofle,512.0,638.0,801.5,2302.5
Thaïlande,Asie tropicale,2003,Noix de coco,1138534.0,219415.0,5189.0,626193.7
Indonésie,Asie tropicale,2003,Canne à sucre,32743253.0,530193.0,61757.2,9168110.8
Indonésie,Asie tropicale,2003,Vanille,2108.0,3354.0,628.7,84334.4
Indonésie,Asie tropicale,2003,Café,688690.0,1043792.0,659.8,1928331.1
Indonésie,Asie tropicale,2003,Girofle,104746.0,72531.0,1444.2,471359.1
Indonésie,Asie tropicale,2003,Noix de coco,18379025.0,3200998.0,5741.7,10108463.5
Malaisie,Asie tropicale,2003,Canne à sucre,846922.0,8484.0,99824.6,237138.1
Malaisie,Asie tropicale,2003,Vanille,15.0,28.0,511.6,583.1
Malaisie,Asie tropicale,2003,Café,19629.0,38949.0,504.0,54960.4
Malaisie,Asie tropicale,2003,Girofle,1179.0,1033.0,1141.3,5304.3
Malaisie,Asie tropicale,2003,Noix de coco,,,,
Madagascar,Afrique de l'Est,2004,Canne à sucre,2760760.0,48185.0,57295.0,773012.8
Madagascar,Afrique de l'Est,2004,Vanille,3267.0,4942.0,661.1,130697.4
Madagascar,Afrique de l'Est,2004,Café,61407.0,166927.0,367.9,171940.3
Madagascar,Afrique de l'Est,2004,Girofle,14110.0,11311.0,1247.4,63494.4
Madagascar,Afrique de l'Est,2004,Noix de coco,106205.0,29219.0,3634.8,58412.9
Mozambique,Afrique de l'Est,2004,Canne à sucre,3813294.0,61461.0,62043.8,1067722.2
Mozambique,Afrique de l'Est,2004,Vanille,112.0,282.0,395.9,4463.3
Mozambique,Afrique de l'Est,2004,Café,24949.0,84320.0,295.9,69856.1
Mozambique,Afrique de l'Est,2004,Girofle,2070.0,2079.0,995.8,9314.1
Mozambique,Afrique de l'Est,2004,Noix de coco,21619.0,7027.0,3076.7,11890.7
Kenya,Afrique de l'Est,2004,Canne à sucre,5904663.0,78041.0,75661.1,1653305.6
Kenya,Afrique de l'Est,2004,Vanille,81.0,214.0,378.9,3237.8
Kenya,Afrique de l'Est,2004,Café,48125.0,78123.0,616.0,134751.3
Kenya,Afrique de l'Est,2004,Girofle,789.0,1093.0,722.5,3552.5
Kenya,Afrique de l'Est,2004,Noix de coco,146415.0,28896.0,5066.9,80528.3
Tanzania,Afrique de l'Est,2004,Canne à sucre,2480518.0,39965.0,62066.9,694545.0
Tanzania,Afrique de l'Est,2004,Vanille,215.0,505.0,427.0,8619.3
Tanzania,Afrique de l'Est,2004,Café,55059.0,129165.0,426.3,154164.5
Tanzania,Afrique de l'Est,2004,Girofle,11860.0,11262.0,1053.1,53371.2
Tanzania,Afrique de l'Est,2004,Noix de coco,544375.0,105838.0,5143.5,299406.4
Uganda,Afrique de l'Est,2004,Canne à sucre,1805482.0,31913.0,56574.7,505534.9
Uganda,Afrique de l'Est,2004,Vanille,59.0,157.0,372.3,2342.6
Uganda,Afrique de l'Est,2004,Café,280794.0,429805.0,653.3,786223.9
Uganda,Afrique de l'Est,2004,Girofle,214.0,340.0,630.7,964.6
Uganda,Afrique de l'Est,2004,Noix de coco,14940.0,4712.0,3170.7,8217.0
Ethiopia,Afrique de l'Est,2004,Canne à sucre,1130134.0,17348.0,65145.1,316437.6
Ethiopia,Afrique de l'Est,2004,Vanille,30.0,92.0,324.6,1199.3
Ethiopia,Afrique de l'Est,2004,Café,506506.0,666838.0,759.6,1418216.6
Ethiopia,Afrique de l'Est,2004,Girofle,90.0,179.0,500.6,403.7
Maurice,Océan Indien,2004,Canne à sucre,3782772.0,49453.0,76492.8,1059176.1
Maurice,Océan Indien,2004,Vanille,11.0,22.0,478.0,424.7
Maurice,Océan Indien,2004,Girofle,229.0,248.0,923.2,1028.4
Maurice,Océan Indien,2004,Noix de coco,9149.0,1661.0,5508.8,5032.1
Comores,Océan Indien,2004,Canne à sucre,17744.0,368.0,48241.6,4968.3
Comores,Océan Indien,2004,Vanille,,,,
Comores,Océan Indien,2004,Café,4815.0,14924.0,322.6,13480.9
Comores,Océan Indien,2004,Girofle,7920.0,7765.0,1019.9,35639.6
Comores,Océan Indien,2004,Noix de coco,54808.0,11783.0,4651.3,30144.7
Seychelles,Océan Indien,2004,Vanille,6.0,12.0,464.0,230.1
Seychelles,Océan Indien,2004,Girofle,53.0,66.0,803.1,239.4
Seychelles,Océan Indien,2004,Noix de coco,3476.0,616.0,5638.8,1911.6
Réunion,Océan Indien,2004,Canne à sucre,1799395.0,24260.0,74170.2,503830.5
Réunion,Océan Indien,2004,Vanille,25.0,41.0,616.0,1003.9
Réunion,Océan Indien,2004,Café,526.0,1247.0,421.7,1472.6
Réunion,Océan Indien,2004,Girofle,29.0,33.0,883.5,132.3
Réunion,Océan Indien,2004,Noix de coco,5646.0,927.0,6091.3,3105.1
Brésil,Amériques tropicales,2004,Canne à sucre,752773738.0,10036060.0,75006.9,210776646.5
Brésil,Amériques tropicales,2004,Vanille,,,,
Brésil,Amériques tropicales,2004,Café,3144496.0,2396613.0,1312.1,8804588.3
Brésil,Amériques tropicales,2004,Girofle,16707.0,12803.0,1304.9,75179.3
Brésil,Amériques tropicales,2004,Noix de coco,2517425.0,439429.0,5728.9,1384583.8
Inde,Asie tropicale,2004,Canne à sucre,328695800.0,4542654.0,72357.7,92034824.1
Inde,Asie tropicale,2004,Vanille,213.0,310.0,687.6,8523.6
Inde,Asie tropicale,2004,Café,,,,
Inde,Asie tropicale,2004,Girofle,77816.0,52450.0,1483.6,350171.5
Inde,Asie tropicale,2004,Noix de coco,15600556.0,2485820.0,6275.8,8580305.9
Thaïlande,Asie tropicale,2004,Canne à sucre,89302693.0,1256628.0,71065.4,25004753.9
Thaïlande,Asie tropicale,2004,Vanille,40.0,87.0,467.1,1617.9
Thaïlande,Asie tropicale,2004,Café,32085.0,52447.0,611.8,89837.8
Thaïlande,Asie tropicale,2004,Girofle,529.0,636.0,832.3,2381.6
Thaïlande,Asie tropicale,2004,Noix de coco,,,,
Indonésie,Asie tropicale,2004,Canne à sucre,35301125.0,548791.0,64325.3,9884315.1
Indonésie,Asie tropicale,2004,Vanille,2176.0,3408.0,638.5,87048.6
Indonésie,Asie tropicale,2004,Café,696989.0,1017472.0,685.0,1951568.0
Indonésie,Asie tropicale,2004,Girofle,114387.0,84152.0,1359.3,514741.5
Indonésie,Asie tropicale,2004,Noix de coco,16063617.0,2680152.0,5993.5,8834989.3
Malaisie,Asie tropicale,2004,Canne à sucre,841801.0,9431.0,89260.3,235704.2
Malaisie,Asie tropicale,2004,Vanille,13.0,26.0,501.6,526.7
Malaisie,Asie tropicale,2004,Café,17406.0,32087.0,542.5,48736.6
Malaisie,Asie tropicale,2004,Girofle,1075.0,955.0,1125.9,4838.1
Malaisie,Asie tropicale,2004,Noix de coco,549531.0,77348.0,7104.7,302242.0
Madagascar,Afrique de l'Est,2005,Canne à sucre,2551978.0,43016.0,59326.9,714553.9
Madagascar,Afrique de l'Est,2005,Vanille,2743.0,3708.0,739.6,109715.3
Madagascar,Afrique de l'Est,2005,Café,53519.0,147262.0,363.4,149853.7
Madagascar,Afrique de l'Est,2005,Girofle,14986.0,13173.0,1137.6,67435.7
Madagascar,Afrique de l'Est,2005,Noix de coco,98275.0,29271.0,3357.5,54051.5
Mozambique,Afrique de l'Est,2005,Canne à sucre,3772868.0,60969.0,61881.7,1056403.1
Mozambique,Afrique de l'Est,2005,Vanille,117.0,283.0,413.9,4677.6
Mozambique,Afrique de l'Est,2005,Café,21001.0,71499.0,293.7,58801.7
Mozambique,Afrique de l'Est,2005,Girofle,2224.0,2253.0,987.2,10009.0
Mozambique,Afrique de l'Est,2005,Noix de coco,23037.0,7623.0,3021.9,12670.4
Kenya,Afrique de l'Est,2005,Canne à sucre,5337165.0,75936.0,70285.5,1494406.1
Kenya,Afrique de l'Est,2005,Vanille,77.0,205.0,378.5,3098.0
Kenya,Afrique de l'Est,2005,Café,52646.0,86555.0,608.2,147408.7
Kenya,Afrique de l'Est,2005,Girofle,827.0,1255.0,659.6,3723.5
Kenya,Afrique de l'Est,2005,Noix de coco,155927.0,32098.0,4857.8,85759.8
Tanzania,Afrique de l'Est,2005,Canne à sucre,2393919.0,40877.0,58563.6,670297.4
Tanzania,Afrique de l'Est,2005,Vanille,208.0,475.0,437.5,8309.7
Tanzania,Afrique de l'Est,2005,Café,53107.0,115115.0,461.3,148699.4
Tanzania,Afrique de l'Est,2005,Girofle,12898.0,12338.0,1045.4,58042.7
Tanzania,Afrique de l'Est,2005,Noix de coco,598404.0,118321.0,5057.5,329122.0
Uganda,Afrique de l'Est,2005,Canne à sucre,2106450.0,39032.0,53967.6,589806.1
Uganda,Afrique de l'Est,2005,Vanille,62.0,169.0,366.7,2471.9
Uganda,Afrique de l'Est,2005,Café,,,,
Uganda,Afrique de l'Est,2005,Girofle,217.0,340.0,640.3,978.4
Uganda,Afrique de l'Est,2005,Noix de coco,,,,
Ethiopia,Afrique de l'Est,2005,Canne à sucre,1239685.0,18880.0,65663.0,347111.8
Ethiopia,Afrique de l'Est,2005,Vanille,30.0,95.0,316.5,1203.5
Ethiopia,Afrique de l'Est,2005,Café,492151.0,703475.0,699.6,1378022.0
Ethiopia,Afrique de l'Est,2005,Girofle,107.0,207.0,515.2,480.3
Maurice,Océan Indien,2005,Canne à sucre,3744791.0,53797.0,69609.2,1048541.6
Maurice,Océan Indien,2005,Vanille,10.0,19.0,513.3,387.8
Maurice,Océan Indien,2005,Girofle,207.0,243.0,852.6,931.5
Maurice,Océan Indien,2005,Noix de coco,8123.0,1365.0,5949.2,4467.5
Comores,Océan Indien,2005,Canne à sucre,15375.0,316.0,48583.1,4305.0
Comores,Océan Indien,2005,Vanille,360.0,588.0,611.9,14392.6
Comores,Océan Indien,2005,Café,5210.0,15597.0,334.0,14587.3
Comores,Océan Indien,2005,Girofle,8245.0,7645.0,1078.5,37100.4
Comores,Océan Indien,2005,Noix de coco,55146.0,11335.0,4865.3,30330.5
Seychelles,Océan Indien,2005,Vanille,5.0,10.0,460.2,184.1
Seychelles,Océan Indien,2005,Girofle,57.0,67.0,846.0,256.8
Seychelles,Océan Indien,2005,Noix de coco,3739.0,603.0,6199.9,2056.4
Réunion,Océan Indien,2005,Canne à sucre,1736063.0,24141.0,71913.7,486097.6
Réunion,Océan Indien,2005,Vanille,,,,
Réunion,Océan Indien,2005,Café,493.0,1079.0,456.5,1379.4
Réunion,Océan Indien,2005,Girofle,33.0,38.0,869.0,148.6
Réunion,Océan Indien,2005,Noix de coco,6355.0,1098.0,5788.2,3495.2
Brésil,Amériques tropicales,2005,Canne à sucre,730908744.0,9847940.0,74219.5,204654448.4
Brésil,Amériques tropicales,2005,Vanille,151.0,286.0,526.6,6031.8
Brésil,Amériques tropicales,2005,Café,3214818.0,2517891.0,1276.8,9001489.2
Brésil,Amériques tropicales,2005,Girofle,17285.0,13268.0,1302.7,77780.3
Brésil,Amériques tropicales,2005,Noix de coco,3133058.0,565027.0,5545.0,1723181.8
Inde,Asie tropicale,2005,Canne à sucre,349200600.0,4779127.0,73067.9,97776168.1
Inde,Asie tropicale,2005,Vanille,208.0,308.0,675.1,8317.7
Inde,Asie tropicale,2005,Café,365439.0,440270.0,830.0,1023229.9
Inde,Asie tropicale,2005,Girofle,77861.0,53013.0,1468.7,350376.7
Inde,Asie tropicale,2005,Noix de coco,14814468.0,2388641.0,6202.0,8147957.2
Thaïlande,Asie tropicale,2005,Canne à sucre,93699800.0,1405484.0,66667.3,26235943.9
Thaïlande,Asie tropicale,2005,Vanille,44.0,93.0,468.3,1748.9
Thaïlande,Asie tropicale,2005,Café,28866.0,46431.0,621.7,80825.7
Thaïlande,Asie tropicale,2005,Girofle,505.0,593.0,850.8,2271.9
Thaïlande,Asie tropicale,2005,Noix de coco,1202744.0,216772.0,5548.4,661509.2
Indonésie,Asie tropicale,2005,Canne à sucre,36890762.0,579653.0,63642.8,10329413.5
Indonésie,Asie tropicale,2005,Vanille,2016.0,3143.0,641.4,80631.2
Indonésie,Asie tropicale,2005,Café,814598.0,1202604.0,677.4,2280875.4
Indonésie,Asie tropicale,2005,Girofle,110388.0,79325.0,1391.6,496743.9
Indonésie,Asie tropicale,2005,Noix de coco,19048150.0,3121318.0,6102.6,10476482.6
Malaisie,Asie tropicale,2005,Canne à sucre,862752.0,9073.0,95094.7,241570.6
Malaisie,Asie tropicale,2005,Vanille,15.0,30.0,490.6,598.3
Malaisie,Asie tropicale,2005,Café,17539.0,31847.0,550.7,49110.3
Malaisie,Asie tropicale,2005,Girofle,1279.0,1102.0,1160.7,5753.9
Malaisie,Asie tropicale,2005,Noix de coco,494137.0,69708.0,7088.6,271775.3
Madagascar,Afrique de l'Est,2006,Canne à sucre,2655109.0,49703.0,53419.8,743430.5
Madagascar,Afrique de l'Est,2006,Vanille,3236.0,4692.0,689.6,129434.4
Madagascar,Afrique de l'Est,2006,Café,57484.0,169391.0,339.4,160954.8
Madagascar,Afrique de l'Est,2006,Girofle,16181.0,13463.0,1201.8,72812.4
Madagascar,Afrique de l'Est,2006,Noix de coco,101145.0,27364.0,3696.3,55629.8
Mozambique,Afrique de l'Est,2006,Canne à sucre,3883112.0,65409.0,59366.7,1087271.3
Mozambique,Afrique de l'Est,2006,Vanille,131.0,322.0,405.7,5225.7
Mozambique,Afrique de l'Est,2006,Café,23526.0,87842.0,267.8,65872.0
Mozambique,Afrique de l'Est,2006,Girofle,2175.0,2493.0,872.7,9789.4
Mozambique,Afrique de l'Est,2006,Noix de coco,21024.0,6886.0,3053.3,11563.0
Kenya,Afrique de l'Est,2006,Canne à sucre,5221374.0,66802.0,78162.0,1461984.8
Kenya,Afrique de l'Est,2006,Vanille,86.0,201.0,426.4,3435.0
Kenya,Afrique de l'Est,2006,Café,51239.0,84233.0,608.3,143470.4
Kenya,Afrique de l'Est,2006,Girofle,845.0,1193.0,708.4,3803.0
Kenya,Afrique de l'Est,2006,Noix de coco,,,,
Tanzania,Afrique de l'Est,2006,Canne à sucre,2370857.0,37654.0,62964.3,663839.8
Tanzania,Afrique de l'Est,2006,Vanille,203.0,463.0,438.4,8123.1
Tanzania,Afrique de l'Est,2006,Café,58044.0,141328.0,410.7,162522.4
Tanzania,Afrique de l'Est,2006,Girofle,11806.0,10291.0,1147.3,53128.5
Tanzania,Afrique de l'Est,2006,Noix de coco,585759.0,105228.0,5566.6,322167.7
Uganda,Afrique de l'Est,2006,Canne à sucre,1872552.0,36611.0,51147.6,524314.6
Uganda,Afrique de l'Est,2006,Vanille,60.0,157.0,383.2,2402.6
Uganda,Afrique de l'Est,2006,Café,305006.0,451103.0,676.1,854016.0
Uganda,Afrique de l'Est,2006,Girofle,221.0,333.0,664.9,996.6
Uganda,Afrique de l'Est,2006,Noix de coco,14801.0,4362.0,3393.2,8140.8
Ethiopia,Afrique de l'Est,2006,Canne à sucre,1301902.0,20513.0,63467.3,364532.5
Ethiopia,Afrique de l'Est,2006,Vanille,31.0,96.0,325.4,1249.1
Ethiopia,Afrique de l'Est,2006,Café,476869.0,648684.0,735.1,1335234.1
Ethiopia,Afrique de l'Est,2006,Girofle,107.0,214.0,500.5,481.5
Maurice,Océan Indien,2006,Canne à sucre,3782574.0,48540.0,77926.3,1059120.8
Maurice,Océan Indien,2006,Vanille,9.0,17.0,532.2,362.7
Maurice,Océan Indien,2006,Girofle,,,,
Maurice,Océan Indien,2006,Noix de coco,8863.0,1545.0,5735.3,4874.4
Comores,Océan Indien,2006,Canne à sucre,,,,
Comores,Océan Indien,2006,Vanille,401.0,671.0,597.0,16029.3
Comores,Océan Indien,2006,Café,5247.0,16294.0,322.0,14690.2
Comores,Océan Indien,2006,Girofle,8683.0,8498.0,1021.8,39074.3
Comores,Océan Indien,2006,Noix de coco,,,,
Seychelles,Océan Indien,2006,Vanille,5.0,12.0,468.9,216.3
Seychelles,Océan Indien,2006,Girofle,47.0,59.0,806.2,213.5
Seychelles,Océan Indien,2006,Noix de coco,3452.0,549.0,6290.9,1898.7
Réunion,Océan Indien,2006,Canne à sucre,1981298.0,26470.0,74851.8,554763.5
Réunion,Océan Indien,2006,Vanille,25.0,42.0,598.8,1012.9
Réunion,Océan Indien,2006,Café,516.0,1201.0,429.7,1444.7
Réunion,Océan Indien,2006,Girofle,31.0,32.0,965.6,140.8
Réunion,Océan Indien,2006,Noix de coco,6045.0,1034.0,5844.5,3324.7
Brésil,Amériques tropicales,2006,Canne à sucre,770925502.0,10427773.0,73930.0,215859140.5
Brésil,Amériques tropicales,2006,Vanille,166.0,317.0,523.7,6646.2
Brésil,Amériques tropicales,2006,Café,3574294.0,2793649.0,1279.4,10008023.4
Brésil,Amériques tropicales,2006,Girofle,15314.0,11350.0,1349.2,68914.3
Brésil,Amériques tropicales,2006,Noix de coco,3017914.0,502973.0,6000.2,1659852.8
Inde,Asie tropicale,2006,Canne à sucre,325448188.0,4300579.0,75675.4,91125492.6
Inde,Asie tropicale,2006,Vanille,211.0,313.0,673.9,8432.7
Inde,Asie tropicale,2006,Café,389692.0,440364.0,884.9,1091138.1
Inde,Asie tropicale,2006,Girofle,81615.0,49953.0,1633.8,367266.8
Inde,Asie tropicale,2006,Noix de coco,15691836.0,2598423.0,6039.0,8630509.6
Thaïlande,Asie tropicale,2006,Canne à sucre,97753923.0,1363907.0,71672.0,27371098.4
Thaïlande,Asie tropicale,2006,Vanille,41.0,89.0,467.5,1657.7
Thaïlande,Asie tropicale,2006,Café,32921.0,52181.0,630.9,92178.5
Thaïlande,Asie tropicale,2006,Girofle,558.0,681.0,819.1,2510.6
Thaïlande,Asie tropicale,2006,Noix de coco,1197975.0,217547.0,5506.7,658886.0
Indonésie,Asie tropicale,2006,Canne à sucre,36178256.0,586744.0,61659.3,10129911.8
Indonésie,Asie tropicale,2006,Vanille,2272.0,3475.0,653.7,90861.8
Indonésie,Asie tropicale,2006,Café,776669.0,1211856.0,640.9,2174672.4
Indonésie,Asie tropicale,2006,Girofle,122123.0,85556.0,1427.4,549554.8
Indonésie,Asie tropicale,2006,Noix de coco,20119571.0,3392771.0,5930.1,11065763.8
Malaisie,Asie tropicale,2006,Canne à sucre,829934.0,8639.0,96066.0,232381.5
Malaisie,Asie tropicale,2006,Vanille,16.0,34.0,471.4,644.4
Malaisie,Asie tropicale,2006,Café,20128.0,35976.0,559.5,56358.2
Malaisie,Asie tropicale,2006,Girofle,1188.0,1078.0,1102.1,5348.0
Malaisie,Asie tropicale,2006,Noix de coco,515198.0,73080.0,7049.7,283358.6
Madagascar,Afrique de l'Est,2007,Canne à sucre,2299648.0,36508.0,62989.6,643901.4
Madagascar,Afrique de l'Est,2007,Vanille,3458.0,5218.0,662.8,138322.5
Madagascar,Afrique de l'Est,2007,Café,56599.0,161243.0,351.0,158478.2
Madagascar,Afrique de l'Est,2007,Girofle,14762.0,13051.0,1131.0,66426.9
Madagascar,Afrique de l'Est,2007,Noix de coco,,,,
Mozambique,Afrique de l'Est,2007,Canne à sucre,4342443.0,68259.0,63617.6,1215884.1
Mozambique,Afrique de l'Est,2007,Vanille,119.0,279.0,426.6,4752.8
Mozambique,Afrique de l'Est,2007,Café,21663.0,81971.0,264.3,60655.0
Mozambique,Afrique de l'Est,2007,Girofle,2108.0,2391.0,881.8,9487.5
Mozambique,Afrique de l'Est,2007,Noix de coco,21518.0,6726.0,3199.3,11834.6
Kenya,Afrique de l'Est,2007,Canne à sucre,5833226.0,73363.0,79512.3,1633303.3
Kenya,Afrique de l'Est,2007,Vanille,79.0,196.0,404.8,3165.7
Kenya,Afrique de l'Est,2007,Café,51132.0,81992.0,623.6,143169.9
Kenya,Afrique de l'Est,2007,Girofle,814.0,1040.0,783.1,3665.1
Kenya,Afrique de l'Est,2007,Noix de coco,158481.0,30392.0,5214.5,87164.5
Tanzania,Afrique de l'Est,2007,Canne à sucre,2640220.0,45249.0,58348.6,739261.5
Tanzania,Afrique de l'Est,2007,Vanille,200.0,495.0,403.8,7997.0
Tanzania,Afrique de l'Est,2007,Café,56930.0,126838.0,448.8,159404.3
Tanzania,Afrique de l'Est,2007,Girofle,13663.0,12642.0,1080.8,61485.3
Tanzania,Afrique de l'Est,2007,Noix de coco,629701.0,120292.0,5234.8,346335.5
Uganda,Afrique de l'Est,2007,Canne à sucre,1831054.0,34164.0,53596.4,512695.0
Uganda,Afrique de l'Est,2007,Vanille,,,,
Uganda,Afrique de l'Est,2007,Café,283131.0,408590.0,692.9,792767.2
Uganda,Afrique de l'Est,2007,Girofle,194.0,294.0,659.3,872.5
Uganda,Afrique de l'Est,2007,Noix de coco,14421.0,3822.0,3773.1,7931.6
Ethiopia,Afrique de l'Est,2007,Canne à sucre,1135588.0,16855.0,67373.3,317964.6
Ethiopia,Afrique de l'Est,2007,Vanille,36.0,110.0,323.9,1429.8
Ethiopia,Afrique de l'Est,2007,Café,451941.0,597527.0,756.4,1265434.6
Ethiopia,Afrique de l'Est,2007,Girofle,112.0,228.0,491.8,505.3
Maurice,Océan Indien,2007,Canne à sucre,4116216.0,52196.0,78861.2,1152540.5
Maurice,Océan Indien,2007,Vanille,11.0,21.0,512.3,426.0
Maurice,Océan Indien,2007,Girofle,214.0,239.0,893.8,961.5
Maurice,Océan Indien,2007,Noix de coco,8270.0,1509.0,5478.8,4548.5
Comores,Océan Indien,2007,Canne à sucre,17091.0,362.0,47249.9,4785.4
Comores,Océan Indien,2007,Vanille,349.0,586.0,596.3,13965.6
Comores,Océan Indien,2007,Café,5118.0,14829.0,345.1,14330.2
Comores,Océan Indien,2007,Girofle,8942.0,7638.0,1170.7,40237.0
Comores,Océan Indien,2007,Noix de coco,51779.0,11508.0,4499.5,28478.2
Seychelles,Océan Indien,2007,Vanille,5.0,12.0,444.9,218.0
Seychelles,Océan Indien,2007,Girofle,53.0,64.0,827.2,239.8
Seychelles,Océan Indien,2007,Noix de coco,3106.0,515.0,6029.3,1708.2
Réunion,Océan Indien,2007,Canne à sucre,1752434.0,22953.0,76348.3,490681.6
Réunion,Océan Indien,2007,Vanille,25.0,43.0,584.7,1013.1
Réunion,Océan Indien,2007,Café,470.0,1076.0,436.6,1315.9
Réunion,Océan Indien,2007,Girofle,31.0,32.0,963.0,140.5
Réunion,Océan Indien,2007,Noix de coco,5902.0,970.0,6083.4,3245.9
Brésil,Amériques tropicales,2007,Canne à sucre,755260648.0,10240483.0,73752.4,211472981.5
Brésil,Amériques tropicales,2007,Vanille,155.0,326.0,476.4,6215.5
Brésil,Amériques tropicales,2007,Café,3478540.0,2625311.0,1325.0,9739910.7
Brésil,Amériques tropicales,2007,Girofle,16311.0,11699.0,1394.2,73398.9
Brésil,Amériques tropicales,2007,Noix de coco,3039436.0,499149.0,6089.2,1671689.7
Inde,Asie tropicale,2007,Canne à sucre,325315540.0,4348995.0,74802.5,91088351.2
Inde,Asie tropicale,2007,Vanille,214.0,302.0,709.9,8569.5
Inde,Asie tropicale,2007,Café,350642.0,406194.0,863.2,981797.0
Inde,Asie tropicale,2007,Girofle,73168.0,47251.0,1548.5,329258.2
Inde,Asie tropicale,2007,Noix de coco,16167353.0,2507582.0,6447.4,8892043.9
Thaïlande,Asie tropicale,2007,Canne à sucre,76653232.0,1096284.0,69921.0,21462904.9
Thaïlande,Asie tropicale,2007,Vanille,41.0,88.0,468.9,1657.7
Thaïlande,Asie tropicale,2007,Café,31146.0,52300.0,595.5,87207.9
Thaïlande,Asie tropicale,2007,Girofle,467.0,576.0,811.3,2102.6
Thaïlande,Asie tropicale,2007,Noix de coco,1287161.0,236777.0,5436.2,707938.5
Indonésie,Asie tropicale,2007,Canne à sucre,34248737.0,496135.0,69031.1,9589646.2
Indonésie,Asie tropicale,2007,Vanille,2255.0,3369.0,669.3,90189.3
Indonésie,Asie tropicale,2007,Café,709306.0,1012716.0,700.4,1986056.6
Indonésie,Asie tropicale,2007,Girofle,125195.0,87017.0,1438.8,563379.1
Indonésie,Asie tropicale,2007,Noix de coco,20148053.0,3329759.0,6050.9,11081429.3
Malaisie,Asie tropicale,2007,Canne à sucre,777913.0,7364.0,105637.5,217815.6
Malaisie,Asie tropicale,2007,Vanille,16.0,31.0,517.0,642.1
Malaisie,Asie tropicale,2007,Café,19422.0,35306.0,550.1,54381.2
Malaisie,Asie tropicale,2007,Girofle,1179.0,1031.0,1143.0,5304.5
Malaisie,Asie tropicale,2007,Noix de coco,497243.0,71108.0,6992.8,273483.9
Madagascar,Afrique de l'Est,2008,Canne à sucre,2875850.0,45843.0,62732.0,805238.1
Madagascar,Afrique de l'Est,2008,Vanille,3010.0,4325.0,696.1,120408.5
Madagascar,Afrique de l'Est,2008,Café,53886.0,150397.0,358.3,150879.7
Madagascar,Afrique de l'Est,2008,Girofle,16165.0,13454.0,1201.5,72740.4
Madagascar,Afrique de l'Est,2008,Noix de coco,106535.0,29561.0,3603.9,58594.0
Mozambique,Afrique de l'Est,2008,Canne à sucre,,,,
Mozambique,Afrique de l'Est,2008,Vanille,108.0,256.0,421.2,4318.9
Mozambique,Afrique de l'Est,2008,Café,23484.0,85186.0,275.7,65754.1
Mozambique,Afrique de l'Est,2008,Girofle,2046.0,2219.0,921.7,9205.2
Mozambique,Afrique de l'Est,2008,Noix de coco,21351.0,7233.0,2951.8,11743.2
Kenya,Afrique de l'Est,2008,Canne à sucre,5450315.0,71704.0,76011.1,1526088.1
Kenya,Afrique de l'Est,2008,Vanille,85.0,215.0,395.7,3403.5
Kenya,Afrique de l'Est,2008,Café,54286.0,86166.0,630.0,152002.2
Kenya,Afrique de l'Est,2008,Girofle,861.0,1297.0,663.2,3872.3
Kenya,Afrique de l'Est,2008,Noix de coco,147369.0,30039.0,4906.0,81052.8
Tanzania,Afrique de l'Est,2008,Canne à sucre,2564724.0,41305.0,62092.8,718122.7
Tanzania,Afrique de l'Est,2008,Vanille,201.0,463.0,432.9,8025.2
Tanzania,Afrique de l'Est,2008,Café,60572.0,138489.0,437.4,169602.0
Tanzania,Afrique de l'Est,2008,Girofle,12813.0,11971.0,1070.4,57658.4
Tanzania,Afrique de l'Est,2008,Noix de coco,574466.0,112167.0,5121.5,315956.2
Uganda,Afrique de l'Est,2008,Canne à sucre,1901200.0,33621.0,56548.5,532336.1
Uganda,Afrique de l'Est,2008,Vanille,66.0,184.0,360.7,2650.2
Uganda,Afrique de l'Est,2008,Café,307632.0,412538.0,745.7,861369.3
Uganda,Afrique de l'Est,2008,Girofle,195.0,269.0,722.9,875.9
Uganda,Afrique de l'Est,2008,Noix de coco,15751.0,4659.0,3380.9,8662.9
Ethiopia,Afrique de l'Est,2008,Canne à sucre,1118758.0,15227.0,73470.6,313252.3
Ethiopia,Afrique de l'Est,2008,Vanille,35.0,114.0,304.8,1390.3
Ethiopia,Afrique de l'Est,2008,Café,485183.0,613773.0,790.5,1358511.1
Ethiopia,Afrique de l'Est,2008,Girofle,101.0,193.0,523.6,455.1
Maurice,Océan Indien,2008,Canne à sucre,3983722.0,52506.0,75871.2,1115442.1
Maurice,Océan Indien,2008,Vanille,10.0,21.0,507.9,417.5
Maurice,Océan Indien,2008,Girofle,203.0,234.0,867.8,914.7
Maurice,Océan Indien,2008,Noix de coco,7765.0,1377.0,5639.2,4270.8
Comores,Océan Indien,2008,Canne à sucre,14595.0,284.0,51327.1,4086.5
Comores,Océan Indien,2008,Vanille,369.0,596.0,619.4,14774.8
Comores,Océan Indien,2008,Café,5549.0,17023.0,326.0,15538.5
Comores,Océan Indien,2008,Girofle,8831.0,8370.0,1055.1,39740.6
Comores,Océan Indien,2008,Noix de coco,57512.0,12157.0,4730.9,31631.8
Seychelles,Océan Indien,2008,Vanille,5.0,12.0,462.1,215.3
Seychelles,Océan Indien,2008,Girofle,48.0,59.0,817.9,216.2
Seychelles,Océan Indien,2008,Noix de coco,3476.0,566.0,6141.0,1912.0
Réunion,Océan Indien,2008,Canne à sucre,2007210.0,24967.0,80394.9,562018.7
Réunion,Océan Indien,2008,Vanille,25.0,40.0,617.5,998.6
Réunion,Océan Indien,2008,Café,594.0,1393.0,426.2,1662.7
Réunion,Océan Indien,2008,Girofle,34.0,36.0,956.2,152.8
Réunion,Océan Indien,2008,Noix de coco,6620.0,1105.0,5990.7,3641.1
Brésil,Amériques tropicales,2008,Canne à sucre,740321942.0,9905460.0,74738.8,207290143.8
Brésil,Amériques tropicales,2008,Vanille,164.0,328.0,500.1,6567.2
Brésil,Amériques tropicales,2008,Café,3461423.0,2632634.0,1314.8,9691984.1
Brésil,Amériques tropicales,2008,Girofle,16845.0,12201.0,1380.6,75800.7
Brésil,Amériques tropicales,2008,Noix de coco,3115282.0,544609.0,5720.2,1713405.0
Inde,Asie tropicale,2008,Canne à sucre,365593435.0,4719398.0,77466.1,102366161.7
Inde,Asie tropicale,2008,Vanille,218.0,313.0,695.6,8705.0
Inde,Asie tropicale,2008,Café,362569.0,420656.0,861.9,1015193.6
Inde,Asie tropicale,2008,Girofle,77575.0,48634.0,1595.1,349087.3
Inde,Asie tropicale,2008,Noix de coco,16486902.0,2410742.0,6838.9,9067796.3
Thaïlande,Asie tropicale,2008,Canne à sucre,,,,
Thaïlande,Asie tropicale,2008,Vanille,40.0,90.0,443.6,1603.4
Thaïlande,Asie tropicale,2008,Café,30587.0,48114.0,635.7,85642.5
Thaïlande,Asie tropicale,2008,Girofle,464.0,560.0,828.0,2086.1
Thaïlande,Asie tropicale,2008,Noix de coco,1199835.0,206797.0,5802.0,659909.4
Indonésie,Asie tropicale,2008,Canne à sucre,35067938.0,495230.0,70811.4,9819022.7
Indonésie,Asie tropicale,2008,Vanille,2263.0,3465.0,653.2,90523.4
Indonésie,Asie tropicale,2008,Café,754173.0,1097238.0,687.3,2111684.2
Indonésie,Asie tropicale,2008,Girofle,107941.0,73751.0,1463.6,485733.7
Indonésie,Asie tropicale,2008,Noix de coco,19355089.0,3077604.0,6289.0,10645299.1
Malaisie,Asie tropicale,2008,Canne à sucre,857500.0,8810.0,97331.0,240099.9
Malaisie,Asie tropicale,2008,Vanille,16.0,32.0,490.0,628.6
Malaisie,Asie tropicale,2008,Café,20241.0,36185.0,559.4,56674.9
Malaisie,Asie tropicale,2008,Girofle,1229.0,1088.0,1128.9,5528.9
Malaisie,Asie tropicale,2008,Noix de coco,512480.0,72899.0,7030.0,281864.2
Madagascar,Afrique de l'Est,2009,Canne à sucre,2596644.0,45739.0,56770.6,727060.4
Madagascar,Afrique de l'Est,2009,Vanille,3147.0,4842.0,649.9,125875.9
Madagascar,Afrique de l'Est,2009,Café,58320.0,159513.0,365.6,163296.0
Madagascar,Afrique de l'Est,2009,Girofle,16425.0,13955.0,1177.0,73914.5
Madagascar,Afrique de l'Est,2009,Noix de coco,103553.0,30178.0,3431.4,56954.4
Mozambique,Afrique de l'Est,2009,Canne à sucre,4234316.0,67133.0,63073.8,1185608.5
Mozambique,Afrique de l'Est,2009,Vanille,144.0,347.0,415.0,5766.7
Mozambique,Afrique de l'Est,2009,Café,23657.0,81489.0,290.3,66238.6
Mozambique,Afrique de l'Est,2009,Girofle,2147.0,2451.0,875.9,9661.7
Mozambique,Afrique de l'Est,2009,Noix de coco,22511.0,7446.0,3023.3,12381.1
Kenya,Afrique de l'Est,2009,Canne à sucre,5053331.0,62349.0,81049.1,1414932.7
Kenya,Afrique de l'Est,2009,Vanille,80.0,194.0,411.8,3189.8
Kenya,Afrique de l'Est,2009,Café,47856.0,80367.0,595.5,133996.8
Kenya,Afrique de l'Est,2009,Girofle,875.0,1151.0,759.9,3937.4
Kenya,Afrique de l'Est,2009,Noix de coco,,,,
Tanzania,Afrique de l'Est,2009,Canne à sucre,2667262.0,43977.0,60650.8,746833.2
Tanzania,Afrique de l'Est,2009,Vanille,198.0,459.0,431.5,7922.4
Tanzania,Afrique de l'Est,2009,Café,58423.0,126062.0,463.4,163583.1
Tanzania,Afrique de l'Est,2009,Girofle,13805.0,12349.0,1117.9,62122.6
Tanzania,Afrique de l'Est,2009,Noix de coco,607152.0,116517.0,5210.9,333933.4
Uganda,Afrique de l'Est,2009,Canne à sucre,1924742.0,35722.0,53880.8,538927.8
Uganda,Afrique de l'Est,2009,Vanille,64.0,176.0,366.5,2577.6
Uganda,Afrique de l'Est,2009,Café,300926.0,430144.0,699.6,842592.0
Uganda,Afrique de l'Est,2009,Girofle,205.0,298.0,687.5,923.0
Uganda,Afrique de l'Est,2009,Noix de coco,16121.0,4888.0,3298.0,8866.8
Ethiopia,Afrique de l'Est,2009,Canne à sucre,1241295.0,16909.0,73408.9,347562.6
Ethiopia,Afrique de l'Est,2009,Vanille,31.0,94.0,327.0,1232.9
Ethiopia,Afrique de l'Est,2009,Café,488574.0,633279.0,771.5,1368006.4
Ethiopia,Afrique de l'Est,2009,Girofle,104.0,204.0,508.5,467.4
Maurice,Océan Indien,2009,Canne à sucre,4428614.0,58725.0,75412.4,1240011.8
Maurice,Océan Indien,2009,Vanille,11.0,22.0,505.7,453.1
Maurice,Océan Indien,2009,Girofle,180.0,203.0,887.3,810.7
Maurice,Océan Indien,2009,Noix de coco,8091.0,1503.0,5385.0,4450.2
Comores,Océan Indien,2009,Canne à sucre,15478.0,306.0,50511.4,4333.8
Comores,Océan Indien,2009,Vanille,372.0,623.0,597.4,14885.5
Comores,Océan Indien,2009,Café,5159.0,14651.0,352.2,14446.2
Comores,Océan Indien,2009,Girofle,9022.0,8468.0,1065.4,40597.0
Comores,Océan Indien,2009,Noix de coco,53624.0,11281.0,4753.4,29493.2
Seychelles,Océan Indien,2009,Vanille,5.0,11.0,493.3,217.3
Seychelles,Océan Indien,2009,Girofle,54.0,66.0,821.2,242.2
Seychelles,Océan Indien,2009,Noix de coco,3452.0,537.0,6422.1,1898.5
Réunion,Océan Indien,2009,Canne à sucre,1735141.0,24296.0,71415.9,485839.6
Réunion,Océan Indien,2009,Vanille,27.0,47.0,566.6,1068.4
Réunion,Océan Indien,2009,Café,471.0,1066.0,441.6,1317.8
Réunion,Océan Indien,2009,Girofle,32.0,34.0,955.9,144.7
Réunion,Océan Indien,2009,Noix de coco,6543.0,1089.0,6009.9,3598.6
Brésil,Amériques tropicales,2009,Canne à sucre,762770850.0,10000428.0,76273.8,213575837.9
Brésil,Amériques tropicales,2009,Vanille,165.0,293.0,563.1,6593.6
Brésil,Amériques tropicales,2009,Café,3426364.0,2734921.0,1252.8,9593819.0
Brésil,Amériques tropicales,2009,Girofle,16508.0,11923.0,1384.5,74285.9
Brésil,Amériques tropicales,2009,Noix de coco,2998680.0,496546.0,6039.1,1649274.2
Inde,Asie tropicale,2009,Canne à sucre,313055068.0,4237088.0,73884.5,87655419.0
Inde,Asie tropicale,2009,Vanille,204.0,272.0,749.6,8149.6
Inde,Asie tropicale,2009,Café,373595.0,413470.0,903.6,1046064.9
Inde,Asie tropicale,2009,Girofle,85032.0,55580.0,1529.9,382644.8
Inde,Asie tropicale,2009,Noix de coco,16929980.0,2551576.0,6635.1,9311488.9
Thaïlande,Asie tropicale,2009,Canne à sucre,94312900.0,1386722.0,68011.4,26407612.1
Thaïlande,Asie tropicale,2009,Vanille,42.0,92.0,455.7,1668.7
Thaïlande,Asie tropicale,2009,Café,32072.0,51950.0,617.4,89801.8
Thaïlande,Asie tropicale,2009,Girofle,557.0,631.0,882.3,2506.2
Thaïlande,Asie tropicale,2009,Noix de coco,1205755.0,220240.0,5474.7,663165.5
Indonésie,Asie tropicale,2009,Canne à sucre,33264976.0,498844.0,66684.2,9314193.1
Indonésie,Asie tropicale,2009,Vanille,2467.0,3764.0,655.5,98695.8
Indonésie,Asie tropicale,2009,Café,758415.0,1136125.0,667.5,2123560.8
Indonésie,Asie tropicale,2009,Girofle,119380.0,83875.0,1423.3,537211.2
Indonésie,Asie tropicale,2009,Noix de coco,20611064.0,3347339.0,6157.4,11336084.9
Malaisie,Asie tropicale,2009,Canne à sucre,796560.0,8377.0,95086.2,223036.9
Malaisie,Asie tropicale,2009,Vanille,,,,
Malaisie,Asie tropicale,2009,Café,18946.0,34408.0,550.6,53050.1
Malaisie,Asie tropicale,2009,Girofle,,,,
Malaisie,Asie tropicale,2009,Noix de coco,548043.0,81766.0,6702.6,301423.6
Madagascar,Afrique de l'Est,2010,Canne à sucre,2730658.0,47959.0,56937.9,764584.3
Madagascar,Afrique de l'Est,2010,Vanille,3165.0,4566.0,693.2,126605.3
Madagascar,Afrique de l'Est,2010,Café,60874.0,171100.0,355.8,170447.1
Madagascar,Afrique de l'Est,2010,Girofle,15381.0,11927.0,1289.6,69215.2
Madagascar,Afrique de l'Est,2010,Noix de coco,104437.0,28590.0,3652.9,57440.4
Mozambique,Afrique de l'Est,2010,Canne à sucre,4250653.0,70995.0,59872.2,1190182.9
Mozambique,Afrique de l'Est,2010,Vanille,128.0,312.0,411.1,5135.0
Mozambique,Afrique de l'Est,2010,Café,,,,
Mozambique,Afrique de l'Est,2010,Girofle,2203.0,2252.0,978.2,9915.0
Mozambique,Afrique de l'Est,2010,Noix de coco,23865.0,7995.0,2984.9,13126.0
Kenya,Afrique de l'Est,2010,Canne à sucre,5870335.0,73925.0,79409.7,1643693.8
Kenya,Afrique de l'Est,2010,Vanille,88.0,206.0,427.0,3511.0
Kenya,Afrique de l'Est,2010,Café,51444.0,84686.0,607.5,144042.5
Kenya,Afrique de l'Est,2010,Girofle,946.0,1343.0,704.8,4258.6
Kenya,Afrique de l'Est,2010,Noix de coco,168443.0,32971.0,5108.8,92643.4
Tanzania,Afrique de l'Est,2010,Canne à sucre,2749565.0,45905.0,59896.7,769878.3
Tanzania,Afrique de l'Est,2010,Vanille,211.0,499.0,422.6,8433.1
Tanzania,Afrique de l'Est,2010,Café,60030.0,130380.0,460.4,168082.7
Tanzania,Afrique de l'Est,2010,Girofle,11642.0,9620.0,1210.1,52387.8
Tanzania,Afrique de l'Est,2010,Noix de coco,598832.0,112515.0,5322.2,329357.6
Uganda,Afrique de l'Est,2010,Canne à sucre,1902152.0,36619.0,51944.1,532602.5
Uganda,Afrique de l'Est,2010,Vanille,68.0,183.0,370.9,2709.3
Uganda,Afrique de l'Est,2010,Café,288654.0,384804.0,750.1,808231.3
Uganda,Afrique de l'Est,2010,Girofle,,,,
Uganda,Afrique de l'Est,2010,Noix de coco,15611.0,4172.0,3742.0,8586.1
Ethiopia,Afrique de l'Est,2010,Canne à sucre,1176093.0,15905.0,73945.4,329306.2
Ethiopia,Afrique de l'Est,2010,Vanille,31.0,104.0,297.7,1236.6
Ethiopia,Afrique de l'Est,2010,Café,464976.0,647788.0,717.8,1301932.7
Ethiopia,Afrique de l'Est,2010,Girofle,110.0,208.0,528.4,494.3
Maurice,Océan Indien,2010,Canne à sucre,3709536.0,53178.0,69757.2,1038670.2
Maurice,Océan Indien,2010,Vanille,11.0,20.0,524.0,429.2
Maurice,Océan Indien,2010,Girofle,208.0,228.0,909.4,934.1
Maurice,Océan Indien,2010,Noix de coco,8746.0,1465.0,5971.8,4810.5
Comores,Océan Indien,2010,Canne à sucre,15849.0,314.0,50423.7,4437.7
Comores,Océan Indien,2010,Vanille,398.0,616.0,645.2,15900.2
Comores,Océan Indien,2010,Café,5154.0,15088.0,341.6,14430.4
Comores,Océan Indien,2010,Girofle,9435.0,8251.0,1143.6,42458.7
Comores,Océan Indien,2010,Noix de coco,59572.0,12472.0,4776.3,32764.5
Seychelles,Océan Indien,2010,Vanille,5.0,11.0,477.2,208.8
Seychelles,Océan Indien,2010,Girofle,52.0,63.0,836.9,235.5
Seychelles,Océan Indien,2010,Noix de coco,3224.0,503.0,6404.1,1773.1
Réunion,Océan Indien,2010,Canne à sucre,1921859.0,24817.0,77439.9,538120.6
Réunion,Océan Indien,2010,Vanille,26.0,43.0,597.9,1035.3
Réunion,Océan Indien,2010,Café,509.0,1067.0,477.7,1426.5
Réunion,Océan Indien,2010,Girofle,30.0,32.0,916.3,133.6
Réunion,Océan Indien,2010,Noix de coco,6073.0,944.0,6431.1,3340.2
Brésil,Amériques tropicales,2010,Canne à sucre,825161673.0,10848329.0,76063.5,231045268.5
Brésil,Amériques tropicales,2010,Vanille,166.0,320.0,518.4,6637.1
Brésil,Amériques tropicales,2010,Café,3911147.0,3060935.0,1277.8,10951210.8
Brésil,Amériques tropicales,2010,Girofle,16713.0,12834.0,1302.2,75207.2
Brésil,Amériques tropicales,2010,Noix de coco,3105769.0,493864.0,6288.7,1708172.8
Inde,Asie tropicale,2010,Canne à sucre,344884522.0,4658097.0,74039.8,96567666.1
Inde,Asie tropicale,2010,Vanille,201.0,282.0,712.6,8041.0
Inde,Asie tropicale,2010,Café,324484.0,376167.0,862.6,908554.4
Inde,Asie tropicale,2010,Girofle,78863.0,52369.0,1505.9,354885.3
Inde,Asie tropicale,2010,Noix de coco,15952442.0,2635648.0,6052.6,8773843.2
Thaïlande,Asie tropicale,2010,Canne à sucre,86756747.0,1191390.0,72819.7,24291889.1
Thaïlande,Asie tropicale,2010,Vanille,43.0,86.0,496.8,1716.1
Thaïlande,Asie tropicale,2010,Café,30069.0,48644.0,618.1,84193.7
Thaïlande,Asie tropicale,2010,Girofle,504.0,600.0,840.6,2267.9
Thaïlande,Asie tropicale,2010,Noix de coco,1321293.0,236446.0,5588.1,726711.3
Indonésie,Asie tropicale,2010,Canne à sucre,36805534.0,561230.0,65580.1,10305549.6
Indonésie,Asie tropicale,2010,Vanille,2068.0,3231.0,640.1,82733.0
Indonésie,Asie tropicale,2010,Café,808964.0,1204949.0,671.4,2265099.4
Indonésie,Asie tropicale,2010,Girofle,116302.0,80198.0,1450.2,523359.6
Indonésie,Asie tropicale,2010,Noix de coco,18955450.0,3183587.0,5954.1,10425497.8
Malaisie,Asie tropicale,2010,Canne à sucre,,,,
Malaisie,Asie tropicale,2010,Vanille,16.0,30.0,524.7,638.5
Malaisie,Asie tropicale,2010,Café,17991.0,33277.0,540.6,50374.9
Malaisie,Asie tropicale,2010,Girofle,1186.0,990.0,1197.8,5336.2
Malaisie,Asie tropicale,2010,Noix de coco,,,,
Madagascar,Afrique de l'Est,2011,Canne à sucre,2810693.0,47523.0,59143.3,786994.0
Madagascar,Afrique de l'Est,2011,Vanille,3426.0,4734.0,723.7,137035.3
Madagascar,Afrique de l'Est,2011,Café,58796.0,154004.0,381.8,164628.0
Madagascar,Afrique de l'Est,2011,Girofle,15107.0,11935.0,1265.8,67983.5
Madagascar,Afrique de l'Est,2011,Noix de coco,99427.0,27936.0,3559.1,54685.0
Mozambique,Afrique de l'Est,2011,Canne à sucre,4126627.0,66669.0,61897.1,1155455.5
Mozambique,Afrique de l'Est,2011,Vanille,123.0,306.0,400.7,4901.0
Mozambique,Afrique de l'Est,2011,Café,24632.0,84024.0,293.2,68969.7
Mozambique,Afrique de l'Est,2011,Girofle,2232.0,2269.0,984.0,10045.2
Mozambique,Afrique de l'Est,2011,Noix de coco,23803.0,7276.0,3271.5,13091.7
Kenya,Afrique de l'Est,2011,Canne à sucre,,,,
Kenya,Afrique de l'Est,2011,Vanille,84.0,213.0,392.4,3344.0
Kenya,Afrique de l'Est,2011,Café,49158.0,77745.0,632.3,137642.8
Kenya,Afrique de l'Est,2011,Girofle,861.0,1259.0,684.1,3875.7
Kenya,Afrique de l'Est,2011,Noix de coco,164168.0,31138.0,5272.3,90292.4
Tanzania,Afrique de l'Est,2011,Canne à sucre,2506816.0,39678.0,63179.1,701908.6
Tanzania,Afrique de l'Est,2011,Vanille,225.0,528.0,425.4,8982.2
Tanzania,Afrique de l'Est,2011,Café,55405.0,126504.0,438.0,155133.1
Tanzania,Afrique de l'Est,2011,Girofle,12097.0,9879.0,1224.4,54435.7
Tanzania,Afrique de l'Est,2011,Noix de coco,622496.0,120632.0,5160.3,342373.0
Uganda,Afrique de l'Est,2011,Canne à sucre,1900808.0,35185.0,54023.2,532226.3
Uganda,Afrique de l'Est,2011,Vanille,67.0,178.0,375.6,2670.7
Uganda,Afrique de l'Est,2011,Café,299259.0,437830.0,683.5,837926.4
Uganda,Afrique de l'Est,2011,Girofle,223.0,317.0,702.0,1001.9
Uganda,Afrique de l'Est,2011,Noix de coco,15213.0,4736.0,3211.9,8367.2
Ethiopia,Afrique de l'Est,2011,Canne à sucre,1381612.0,19937.0,69297.9,386851.3
Ethiopia,Afrique de l'Est,2011,Vanille,33.0,103.0,323.0,1329.8
Ethiopia,Afrique de l'Est,2011,Café,,,,
Ethiopia,Afrique de l'Est,2011,Girofle,115.0,208.0,552.8,516.2
Maurice,Océan Indien,2011,Canne à sucre,3718161.0,50664.0,73388.2,1041085.0
Maurice,Océan Indien,2011,Vanille,10.0,18.0,544.4,390.4
Maurice,Océan Indien,2011,Girofle,218.0,243.0,896.7,979.2
Maurice,Océan Indien,2011,Noix de coco,8499.0,1430.0,5945.2,4674.7
Comores,Océan Indien,2011,Canne à sucre,16614.0,318.0,52248.7,4652.0
Comores,Océan Indien,2011,Vanille,379.0,632.0,599.8,15156.0
Comores,Océan Indien,2011,Café,5765.0,16447.0,350.5,16143.3
Comores,Océan Indien,2011,Girofle,8002.0,6895.0,1160.5,36008.3
Comores,Océan Indien,2011,Noix de coco,55140.0,11979.0,4603.0,30327.1
Seychelles,Océan Indien,2011,Vanille,6.0,12.0,492.8,233.1
Seychelles,Océan Indien,2011,Girofle,50.0,53.0,956.7,226.7
Seychelles,Océan Indien,2011,Noix de coco,3235.0,486.0,6660.0,1779.1
Réunion,Océan Indien,2011,Canne à sucre,2121582.0,28134.0,75411.0,594042.8
Réunion,Océan Indien,2011,Vanille,28.0,48.0,580.3,1104.7
Réunion,Océan Indien,2011,Café,527.0,1261.0,417.9,1476.0
Réunion,Océan Indien,2011,Girofle,33.0,34.0,985.2,148.7
Réunion,Océan Indien,2011,Noix de coco,6762.0,1096.0,6168.6,3718.9
Brésil,Amériques tropicales,2011,Canne à sucre,767628469.0,10096765.0,76027.2,214935971.4
Brésil,Amériques tropicales,2011,Vanille,160.0,295.0,540.3,6380.5
Brésil,Amériques tropicales,2011,Café,3728361.0,2855594.0,1305.6,10439409.5
Brésil,Amériques tropicales,2011,Girofle,18839.0,14019.0,1343.8,84775.9
Brésil,Amériques tropicales,2011,Noix de coco,3466653.0,571300.0,6068.0,1906658.9
Inde,Asie tropicale,2011,Canne à sucre,364750789.0,5071788.0,71917.6,102130220.8
Inde,Asie tropicale,2011,Vanille,225.0,324.0,693.2,8984.7
Inde,Asie tropicale,2011,Café,348747.0,389464.0,895.5,976491.5
Inde,Asie tropicale,2011,Girofle,76389.0,47483.0,1608.8,343750.8
Inde,Asie tropicale,2011,Noix de coco,16962425.0,2635959.0,6435.0,9329333.8
Thaïlande,Asie tropicale,2011,Canne à sucre,90313500.0,1162581.0,77683.6,25287779.9
Thaïlande,Asie tropicale,2011,Vanille,,,,
Thaïlande,Asie tropicale,2011,Café,30512.0,51588.0,591.5,85434.4
Thaïlande,Asie tropicale,2011,Girofle,495.0,580.0,852.2,2226.1
Thaïlande,Asie tropicale,2011,Noix de coco,1314903.0,223607.0,5880.4,723196.8
Indonésie,Asie tropicale,2011,Canne à sucre,35277663.0,511141.0,69017.5,9877745.5
Indonésie,Asie tropicale,2011,Vanille,2312.0,3662.0,631.2,92462.5
Indonésie,Asie tropicale,2011,Café,758798.0,1081921.0,701.3,2124633.9
Indonésie,Asie tropicale,2011,Girofle,117395.0,80744.0,1453.9,528277.6
Indonésie,Asie tropicale,2011,Noix de coco,19821025.0,3337385.0,5939.1,10901563.7
Malaisie,Asie tropicale,2011,Canne à sucre,,,,
Malaisie,Asie tropicale,2011,Vanille,17.0,33.0,500.6,668.4
Malaisie,Asie tropicale,2011,Café,20407.0,35237.0,579.1,57140.9
Malaisie,Asie tropicale,2011,Girofle,1343.0,1177.0,1140.6,6041.5
Malaisie,Asie tropicale,2011,Noix de coco,537429.0,72603.0,7402.3,295586.1
Madagascar,Afrique de l'Est,2012,Canne à sucre,2780835.0,46420.0,59906.3,778633.8
Madagascar,Afrique de l'Est,2012,Vanille,3098.0,4641.0,667.4,123903.0
Madagascar,Afrique de l'Est,2012,Café,60537.0,164295.0,368.5,169503.3
Madagascar,Afrique de l'Est,2012,Girofle,16660.0,12906.0,1290.9,74972.0
Madagascar,Afrique de l'Est,2012,Noix de coco,110375.0,29803.0,3703.5,60706.2
Mozambique,Afrique de l'Est,2012,Canne à sucre,4349099.0,68939.0,63085.8,1217747.7
Mozambique,Afrique de l'Est,2012,Vanille,136.0,318.0,428.6,5448.2
Mozambique,Afrique de l'Est,2012,Café,24716.0,82084.0,301.1,69203.7
Mozambique,Afrique de l'Est,2012,Girofle,2298.0,2307.0,996.2,10342.4
Mozambique,Afrique de l'Est,2012,Noix de coco,26584.0,7719.0,3444.0,14621.0
Kenya,Afrique de l'Est,2012,Canne à sucre,5585494.0,71643.0,77962.8,1563938.4
Kenya,Afrique de l'Est,2012,Vanille,79.0,194.0,409.7,3175.9
Kenya,Afrique de l'Est,2012,Café,54768.0,86783.0,631.1,153350.2
Kenya,Afrique de l'Est,2012,Girofle,878.0,1205.0,729.0,3953.2
Kenya,Afrique de l'Est,2012,Noix de coco,151627.0,31552.0,4805.6,83394.7
Tanzania,Afrique de l'Est,2012,Canne à sucre,2718183.0,44779.0,60702.2,761091.3
Tanzania,Afrique de l'Est,2012,Vanille,216.0,479.0,449.9,8620.6
Tanzania,Afrique de l'Est,2012,Café,55848.0,127036.0,439.6,156375.5
Tanzania,Afrique de l'Est,2012,Girofle,12471.0,11542.0,1080.5,56121.0
Tanzania,Afrique de l'Est,2012,Noix de coco,592879.0,103619.0,5721.7,326083.6
Uganda,Afrique de l'Est,2012,Canne à sucre,1946048.0,36652.0,53095.5,544893.4
Uganda,Afrique de l'Est,2012,Vanille,72.0,207.0,348.3,2883.4
Uganda,Afrique de l'Est,2012,Café,323599.0,438531.0,737.9,906076.4
Uganda,Afrique de l'Est,2012,Girofle,184.0,273.0,672.8,827.1
Uganda,Afrique de l'Est,2012,Noix de coco,16665.0,4979.0,3347.1,9166.0
Ethiopia,Afrique de l'Est,2012,Canne à sucre,1235756.0,18027.0,68551.2,346011.6
Ethiopia,Afrique de l'Est,2012,Vanille,33.0,114.0,286.6,1312.5
Ethiopia,Afrique de l'Est,2012,Café,518942.0,682459.0,760.4,1453038.0
Ethiopia,Afrique de l'Est,2012,Girofle,110.0,208.0,529.0,496.1
Maurice,Océan Indien,2012,Canne à sucre,3690552.0,50106.0,73654.5,1033354.7
Maurice,Océan Indien,2012,Vanille,10.0,18.0,543.0,400.5
Maurice,Océan Indien,2012,Girofle,200.0,226.0,885.7,900.9
Maurice,Océan Indien,2012,Noix de coco,8443.0,1397.0,6044.8,4643.9
Comores,Océan Indien,2012,Canne à sucre,16625.0,344.0,48394.2,4655.1
Comores,Océan Indien,2012,Vanille,352.0,588.0,598.7,14086.5
Comores,Océan Indien,2012,Café,5834.0,16889.0,345.5,16335.9
Comores,Océan Indien,2012,Girofle,8749.0,7987.0,1095.4,39370.5
Comores,Océan Indien,2012,Noix de coco,53112.0,10769.0,4931.8,29211.5
Seychelles,Océan Indien,2012,Vanille,5.0,10.0,502.1,209.2
Seychelles,Océan Indien,2012,Girofle,58.0,66.0,877.9,258.9
Seychelles,Océan Indien,2012,Noix de coco,3707.0,542.0,6835.9,2038.6
Réunion,Océan Indien,2012,Canne à sucre,1982772.0,27760.0,71425.5,555176.3
Réunion,Océan Indien,2012,Vanille,29.0,45.0,640.6,1154.9
Réunion,Océan Indien,2012,Café,,,,
Réunion,Océan Indien,2012,Girofle,33.0,35.0,942.7,148.3
Réunion,Océan Indien,2012,Noix de coco,6380.0,1096.0,5820.7,3509.1
Brésil,Amériques tropicales,2012,Canne à sucre,770513890.0,9910357.0,77748.3,215743889.2
Brésil,Amériques tropicales,2012,Vanille,154.0,297.0,519.5,6176.2
Brésil,Amériques tropicales,2012,Café,3661991.0,2697542.0,1357.5,10253575.6
Brésil,Amériques tropicales,2012,Girofle,17464.0,12193.0,1432.3,78587.7
Brésil,Amériques tropicales,2012,Noix de coco,3222171.0,538415.0,5984.5,1772193.8
Inde,Asie tropicale,2012,Canne à sucre,348625338.0,4655209.0,74889.3,97615094.5
Inde,Asie tropicale,2012,Vanille,226.0,318.0,710.5,9035.3
Inde,Asie tropicale,2012,Café,377353.0,438287.0,861.0,1056588.0
Inde,Asie tropicale,2012,Girofle,74925.0,45968.0,1629.9,337162.0
Inde,Asie tropicale,2012,Noix de coco,17561051.0,2640446.0,6650.8,9658577.8
Thaïlande,Asie tropicale,2012,Canne à sucre,95684081.0,1352983.0,70720.8,26791542.8
Thaïlande,Asie tropicale,2012,Vanille,49.0,105.0,469.3,1967.6
Thaïlande,Asie tropicale,2012,Café,28955.0,45457.0,637.0,81074.9
Thaïlande,Asie tropicale,2012,Girofle,,,,
Thaïlande,Asie tropicale,2012,Noix de coco,1271200.0,209427.0,6069.9,699160.2
Indonésie,Asie tropicale,2012,Canne à sucre,35148079.0,528367.0,66522.1,9841462.1
Indonésie,Asie tropicale,2012,Vanille,2055.0,3135.0,655.6,82205.9
Indonésie,Asie tropicale,2012,Café,873037.0,1264968.0,690.2,2444503.3
Indonésie,Asie tropicale,2012,Girofle,125775.0,85060.0,1478.7,565986.9
Indonésie,Asie tropicale,2012,Noix de coco,18499448.0,2805945.0,6592.9,10174696.3
Malaisie,Asie tropicale,2012,Canne à sucre,867929.0,8669.0,100119.5,243020.1
Malaisie,Asie tropicale,2012,Vanille,17.0,35.0,481.0,682.9
Malaisie,Asie tropicale,2012,Café,18690.0,33615.0,556.0,52332.1
Malaisie,Asie tropicale,2012,Girofle,1526.0,1256.0,1215.1,6867.7
Malaisie,Asie tropicale,2012,Noix de coco,597320.0,79544.0,7509.3,328526.1
Madagascar,Afrique de l'Est,2013,Canne à sucre,2490348.0,43066.0,57826.8,697297.5
Madagascar,Afrique de l'Est,2013,Vanille,3229.0,4703.0,686.7,129176.3
Madagascar,Afrique de l'Est,2013,Café,65122.0,166993.0,390.0,182340.9
Madagascar,Afrique de l'Est,2013,Girofle,15454.0,12366.0,1249.7,69542.3
Madagascar,Afrique de l'Est,2013,Noix de coco,102696.0,26917.0,3815.3,56482.8
Mozambique,Afrique de l'Est,2013,Canne à sucre,4247986.0,70793.0,60005.9,1189436.0
Mozambique,Afrique de l'Est,2013,Vanille,128.0,295.0,435.2,5130.3
Mozambique,Afrique de l'Est,2013,Café,24622.0,78122.0,315.2,68942.8
Mozambique,Afrique de l'Est,2013,Girofle,2218.0,2284.0,971.1,9978.9
Mozambique,Afrique de l'Est,2013,Noix de coco,22589.0,6930.0,3259.7,12423.7
Kenya,Afrique de l'Est,2013,Canne à sucre,5731377.0,70911.0,80824.7,1604785.5
Kenya,Afrique de l'Est,2013,Vanille,89.0,218.0,408.5,3565.7
Kenya,Afrique de l'Est,2013,Café,55441.0,95181.0,582.5,155233.7
Kenya,Afrique de l'Est,2013,Girofle,893.0,1240.0,720.0,4018.1
Kenya,Afrique de l'Est,2013,Noix de coco,152497.0,28972.0,5263.7,83873.5
Tanzania,Afrique de l'Est,2013,Canne à sucre,2563347.0,42857.0,59811.5,717737.2
Tanzania,Afrique de l'Est,2013,Vanille,230.0,513.0,448.1,9188.4
Tanzania,Afrique de l'Est,2013,Café,59845.0,135283.0,442.4,167565.4
Tanzania,Afrique de l'Est,2013,Girofle,,,,
Tanzania,Afrique de l'Est,2013,Noix de coco,655898.0,131463.0,4989.2,360743.7
Uganda,Afrique de l'Est,2013,Canne à sucre,2006084.0,37654.0,53276.8,561703.5
Uganda,Afrique de l'Est,2013,Vanille,62.0,175.0,356.1,2495.8
Uganda,Afrique de l'Est,2013,Café,311640.0,435916.0,714.9,872593.3
Uganda,Afrique de l'Est,2013,Girofle,228.0,340.0,672.2,1027.6
Uganda,Afrique de l'Est,2013,Noix de coco,17730.0,5449.0,3253.9,9751.4
Ethiopia,Afrique de l'Est,2013,Canne à sucre,1383549.0,19575.0,70678.0,387393.7
Ethiopia,Afrique de l'Est,2013,Vanille,30.0,96.0,307.8,1186.8
Ethiopia,Afrique de l'Est,2013,Café,553686.0,718524.0,770.6,1550321.2
Ethiopia,Afrique de l'Est,2013,Girofle,110.0,202.0,542.1,493.7
Maurice,Océan Indien,2013,Canne à sucre,4071790.0,55294.0,73639.1,1140101.3
Maurice,Océan Indien,2013,Vanille,11.0,20.0,546.3,436.0
Maurice,Océan Indien,2013,Girofle,214.0,238.0,896.5,961.6
Maurice,Océan Indien,2013,Noix de coco,8917.0,1502.0,5936.4,4904.6
Comores,Océan Indien,2013,Canne à sucre,15076.0,299.0,50398.7,4221.2
Comores,Océan Indien,2013,Vanille,399.0,704.0,565.9,15945.3
Comores,Océan Indien,2013,Café,5205.0,14815.0,351.3,14574.0
Comores,Océan Indien,2013,Girofle,9193.0,8464.0,1086.2,41368.3
Comores,Océan Indien,2013,Noix de coco,57776.0,11515.0,5017.6,31776.9
Seychelles,Océan Indien,2013,Vanille,6.0,13.0,457.6,234.3
Seychelles,Océan Indien,2013,Girofle,58.0,69.0,845.2,261.5
Seychelles,Océan Indien,2013,Noix de coco,4002.0,630.0,6352.9,2201.3
Réunion,Océan Indien,2013,Canne à sucre,1912576.0,25719.0,74364.3,535521.3
Réunion,Océan Indien,2013,Vanille,28.0,45.0,610.4,1106.3
Réunion,Océan Indien,2013,Café,555.0,1165.0,476.7,1555.2
Réunion,Océan Indien,2013,Girofle,31.0,30.0,1030.0,137.5
Réunion,Océan Indien,2013,Noix de coco,6748.0,1051.0,6420.7,3711.3
Brésil,Amériques tropicales,2013,Canne à sucre,,,,
Brésil,Amériques tropicales,2013,Vanille,157.0,324.0,483.3,6264.6
Brésil,Amériques tropicales,2013,Café,3369260.0,2569223.0,1311.4,9433927.3
Brésil,Amériques tropicales,2013,Girofle,18241.0,13655.0,1335.8,82083.1
Brésil,Amériques tropicales,2013,Noix de coco,3081500.0,501156.0,6148.8,1694824.8
Inde,Asie tropicale,2013,Canne à sucre,,,,
Inde,Asie tropicale,2013,Vanille,225.0,307.0,732.1,8989.2
Inde,Asie tropicale,2013,Café,371317.0,449712.0,825.7,1039688.8
Inde,Asie tropicale,2013,Girofle,81225.0,50768.0,1599.9,365513.3
Inde,Asie tropicale,2013,Noix de coco,18266468.0,2874939.0,6353.7,10046557.5
Thaïlande,Asie tropicale,2013,Canne à sucre,102028757.0,1529493.0,66707.6,28568052.1
Thaïlande,Asie tropicale,2013,Vanille,46.0,97.0,470.1,1831.8
Thaïlande,Asie tropicale,2013,Café,30191.0,46607.0,647.8,84534.9
Thaïlande,Asie tropicale,2013,Girofle,595.0,717.0,829.3,2676.3
Thaïlande,Asie tropicale,2013,Noix de coco,1226661.0,214628.0,5715.3,674663.4
Indonésie,Asie tropicale,2013,Canne à sucre,35385060.0,559578.0,63235.2,9907816.7
Indonésie,Asie tropicale,2013,Vanille,2314.0,3358.0,689.2,92570.2
Indonésie,Asie tropicale,2013,Café,792457.0,1043936.0,759.1,2218879.0
Indonésie,Asie tropicale,2013,Girofle,117616.0,87291.0,1347.4,529272.6
Indonésie,Asie tropicale,2013,Noix de coco,17086696.0,2540322.0,6726.2,9397683.1
Malaisie,Asie tropicale,2013,Canne à sucre,934755.0,9195.0,101656.5,261731.5
Malaisie,Asie tropicale,2013,Vanille,17.0,34.0,505.6,678.1
Malaisie,Asie tropicale,2013,Café,20144.0,36178.0,556.8,56402.2
Malaisie,Asie tropicale,2013,Girofle,1322.0,1025.0,1289.7,5948.0
Malaisie,Asie tropicale,2013,Noix de coco,554036.0,77765.0,7124.5,304719.8
Madagascar,Afrique de l'Est,2014,Canne à sucre,2537756.0,46158.0,54979.2,710571.7
Madagascar,Afrique de l'Est,2014,Vanille,3164.0,4451.0,711.0,126569.4
Madagascar,Afrique de l'Est,2014,Café,,,,
Madagascar,Afrique de l'Est,2014,Girofle,15330.0,11547.0,1327.6,68983.5
Madagascar,Afrique de l'Est,2014,Noix de coco,107892.0,29850.0,3614.5,59340.6
Mozambique,Afrique de l'Est,2014,Canne à sucre,4061658.0,63961.0,63501.7,1137264.1
Mozambique,Afrique de l'Est,2014,Vanille,138.0,339.0,407.9,5532.6
Mozambique,Afrique de l'Est,2014,Café,24369.0,80812.0,301.6,68234.5
Mozambique,Afrique de l'Est,2014,Girofle,2162.0,2189.0,987.6,9727.4
Mozambique,Afrique de l'Est,2014,Noix de coco,24820.0,7699.0,3223.8,13651.0
Kenya,Afrique de l'Est,2014,Canne à sucre,5652012.0,75352.0,75007.6,1582563.4
Kenya,Afrique de l'Est,2014,Vanille,93.0,224.0,415.5,3720.4
Kenya,Afrique de l'Est,2014,Café,52944.0,85734.0,617.5,148242.8
Kenya,Afrique de l'Est,2014,Girofle,928.0,1167.0,795.2,4174.5
Kenya,Afrique de l'Est,2014,Noix de coco,157947.0,30475.0,5182.8,86870.9
Tanzania,Afrique de l'Est,2014,Canne à sucre,2554037.0,43898.0,58181.0,715130.4
Tanzania,Afrique de l'Est,2014,Vanille,218.0,474.0,460.3,8726.3
Tanzania,Afrique de l'Est,2014,Café,64341.0,138594.0,464.2,180153.5
Tanzania,Afrique de l'Est,2014,Girofle,13533.0,11238.0,1204.2,60900.0
Tanzania,Afrique de l'Est,2014,Noix de coco,599782.0,102961.0,5825.4,329879.9
Uganda,Afrique de l'Est,2014,Canne à sucre,1979487.0,35500.0,55760.5,554256.4
Uganda,Afrique de l'Est,2014,Vanille,65.0,173.0,377.9,2613.6
Uganda,Afrique de l'Est,2014,Café,306034.0,408682.0,748.8,856895.3
Uganda,Afrique de l'Est,2014,Girofle,216.0,317.0,681.7,973.4
Uganda,Afrique de l'Est,2014,Noix de coco,17177.0,4709.0,3648.1,9447.5
Ethiopia,Afrique de l'Est,2014,Canne à sucre,1261495.0,17795.0,70889.6,353218.5
Ethiopia,Afrique de l'Est,2014,Vanille,33.0,101.0,328.5,1323.0
Ethiopia,Afrique de l'Est,2014,Café,515451.0,712850.0,723.1,1443263.7
Ethiopia,Afrique de l'Est,2014,Girofle,105.0,191.0,552.6,474.2
Maurice,Océan Indien,2014,Canne à sucre,3814859.0,52579.0,72554.2,1068160.5
Maurice,Océan Indien,2014,Vanille,11.0,22.0,512.9,448.6
Maurice,Océan Indien,2014,Girofle,228.0,261.0,875.5,1027.0
Maurice,Océan Indien,2014,Noix de coco,8571.0,1462.0,5863.3,4714.1
Comores,Océan Indien,2014,Canne à sucre,16195.0,332.0,48843.8,4534.7
Comores,Océan Indien,2014,Vanille,393.0,651.0,603.9,15730.3
Comores,Océan Indien,2014,Café,5845.0,16457.0,355.1,16364.9
Comores,Océan Indien,2014,Girofle,10042.0,9081.0,1105.8,45189.4
Comores,Océan Indien,2014,Noix de coco,59261.0,11781.0,5030.3,32593.7
Seychelles,Océan Indien,2014,Vanille,5.0,9.0,503.1,181.2
Seychelles,Océan Indien,2014,Girofle,56.0,67.0,829.6,251.7
Seychelles,Océan Indien,2014,Noix de coco,3567.0,563.0,6335.9,1961.8
Réunion,Océan Indien,2014,Canne à sucre,1895135.0,24259.0,78120.1,530637.8
Réunion,Océan Indien,2014,Vanille,24.0,39.0,629.2,977.6
Réunion,Océan Indien,2014,Café,522.0,1206.0,432.5,1460.5
Réunion,Océan Indien,2014,Girofle,32.0,32.0,989.2,143.9
Réunion,Océan Indien,2014,Noix de coco,6618.0,1177.0,5620.1,3639.7
Brésil,Amériques tropicales,2014,Canne à sucre,802416087.0,10403641.0,77128.4,224676504.4
Brésil,Amériques tropicales,2014,Vanille,156.0,296.0,527.7,6250.5
Brésil,Amériques tropicales,2014,Café,3341208.0,2442047.0,1368.2,9355381.5
Brésil,Amériques tropicales,2014,Girofle,18277.0,13125.0,1392.5,82244.7
Brésil,Amériques tropicales,2014,Noix de coco,,,,
Inde,Asie tropicale,2014,Canne à sucre,375161322.0,5149947.0,72847.6,105045170.0
Inde,Asie tropicale,2014,Vanille,218.0,320.0,681.5,8734.8
Inde,Asie tropicale,2014,Café,421823.0,462505.0,912.0,1181104.4
Inde,Asie tropicale,2014,Girofle,81167.0,48779.0,1664.0,365251.8
Inde,Asie tropicale,2014,Noix de coco,18508478.0,2688682.0,6883.8,10179662.8
Thaïlande,Asie tropicale,2014,Canne à sucre,99719249.0,1387830.0,71852.6,27921389.7
Thaïlande,Asie tropicale,2014,Vanille,44.0,88.0,497.2,1740.6
Thaïlande,Asie tropicale,2014,Café,31113.0,47611.0,653.5,87116.1
Thaïlande,Asie tropicale,2014,Girofle,545.0,684.0,797.0,2451.8
Thaïlande,Asie tropicale,2014,Noix de coco,1295609.0,230898.0,5611.2,712584.7
Indonésie,Asie tropicale,2014,Canne à sucre,36336673.0,504658.0,72002.5,10174268.6
Indonésie,Asie tropicale,2014,Vanille,,,,
Indonésie,Asie tropicale,2014,Café,851550.0,1103850.0,771.4,2384339.4
Indonésie,Asie tropicale,2014,Girofle,120523.0,77711.0,1550.9,542355.0
Indonésie,Asie tropicale,2014,Noix de coco,19691550.0,3231183.0,6094.2,10830352.7
Malaisie,Asie tropicale,2014,Canne à sucre,808213.0,8012.0,100871.6,226299.5
Malaisie,Asie tropicale,2014,Vanille,17.0,34.0,514.1,691.4
Malaisie,Asie tropicale,2014,Café,20678.0,34335.0,602.2,57897.8
Malaisie,Asie tropicale,2014,Girofle,1289.0,1082.0,1191.3,5801.9
Malaisie,Asie tropicale,2014,Noix de coco,547428.0,80302.0,6817.1,301085.4
Madagascar,Afrique de l'Est,2015,Canne à sucre,2688003.0,45095.0,59607.9,752640.9
Madagascar,Afrique de l'Est,2015,Vanille,3532.0,5170.0,683.1,141261.1
Madagascar,Afrique de l'Est,2015,Café,60560.0,166417.0,363.9,169567.4
Madagascar,Afrique de l'Est,2015,Girofle,18089.0,13997.0,1292.3,81398.5
Madagascar,Afrique de l'Est,2015,Noix de coco,116015.0,30889.0,3755.9,63808.2
Mozambique,Afrique de l'Est,2015,Canne à sucre,4164713.0,65170.0,63905.2,1166119.5
Mozambique,Afrique de l'Est,2015,Vanille,134.0,324.0,414.4,5374.3
Mozambique,Afrique de l'Est,2015,Café,23385.0,80665.0,289.9,65478.0
Mozambique,Afrique de l'Est,2015,Girofle,2151.0,2187.0,983.7,9681.3
Mozambique,Afrique de l'Est,2015,Noix de coco,23163.0,7711.0,3003.8,12739.5
Kenya,Afrique de l'Est,2015,Canne à sucre,6030744.0,74298.0,81169.5,1688608.4
Kenya,Afrique de l'Est,2015,Vanille,91.0,231.0,393.6,3630.1
Kenya,Afrique de l'Est,2015,Café,52095.0,85797.0,607.2,145864.7
Kenya,Afrique de l'Est,2015,Girofle,1014.0,1299.0,780.4,4561.7
Kenya,Afrique de l'Est,2015,Noix de coco,158531.0,31624.0,5013.1,87192.0
Tanzania,Afrique de l'Est,2015,Canne à sucre,2740082.0,45118.0,60731.2,767223.1
Tanzania,Afrique de l'Est,2015,Vanille,223.0,540.0,412.8,8918.1
Tanzania,Afrique de l'Est,2015,Café,62068.0,141942.0,437.3,173791.8
Tanzania,Afrique de l'Est,2015,Girofle,12742.0,11467.0,1111.2,57339.9
Tanzania,Afrique de l'Est,2015,Noix de coco,643310.0,115870.0,5552.0,353820.6
Uganda,Afrique de l'Est,2015,Canne à sucre,1961976.0,35094.0,55905.6,549353.4
Uganda,Afrique de l'Est,2015,Vanille,64.0,173.0,369.9,2561.4
Uganda,Afrique de l'Est,2015,Café,317802.0,418435.0,759.5,889845.7
Uganda,Afrique de l'Est,2015,Girofle,235.0,350.0,672.8,1059.2
Uganda,Afrique de l'Est,2015,Noix de coco,17507.0,5444.0,3215.6,9629.1
Ethiopia,Afrique de l'Est,2015,Canne à sucre,1336410.0,18669.0,71586.2,374194.8
Ethiopia,Afrique de l'Est,2015,Vanille,33.0,96.0,342.2,1315.6
Ethiopia,Afrique de l'Est,2015,Café,535441.0,662049.0,808.8,1499234.9
Ethiopia,Afrique de l'Est,2015,Girofle,115.0,211.0,544.1,517.4
Maurice,Océan Indien,2015,Canne à sucre,3941129.0,49642.0,79391.3,1103516.0
Maurice,Océan Indien,2015,Vanille,11.0,20.0,550.7,439.6
Maurice,Océan Indien,2015,Girofle,197.0,214.0,920.5,885.6
Maurice,Océan Indien,2015,Noix de coco,8992.0,1538.0,5846.0,4945.3
Comores,Océan Indien,2015,Canne à sucre,14725.0,287.0,51261.1,4122.9
Comores,Océan Indien,2015,Vanille,384.0,592.0,648.5,15348.0
Comores,Océan Indien,2015,Café,5642.0,16197.0,348.3,15796.9
Comores,Océan Indien,2015,Girofle,7871.0,7268.0,1083.0,35418.3
Comores,Océan Indien,2015,Noix de coco,55314.0,10677.0,5180.4,30422.5
Seychelles,Océan Indien,2015,Vanille,5.0,11.0,482.7,203.6
Seychelles,Océan Indien,2015,Girofle,55.0,64.0,852.2,247.1
Seychelles,Océan Indien,2015,Noix de coco,3535.0,564.0,6263.6,1944.5
Réunion,Océan Indien,2015,Canne à sucre,1801068.0,23321.0,77229.2,504299.2
Réunion,Océan Indien,2015,Vanille,26.0,43.0,597.9,1038.3
Réunion,Océan Indien,2015,Café,,,,
Réunion,Océan Indien,2015,Girofle,,,,
Réunion,Océan Indien,2015,Noix de coco,6315.0,958.0,6590.1,3473.2
Brésil,Amériques tropicales,2015,Canne à sucre,798645315.0,10748246.0,74304.7,223620688.1
Brésil,Amériques tropicales,2015,Vanille,162.0,314.0,516.9,6498.7
Brésil,Amériques tropicales,2015,Café,3336851.0,2418437.0,1379.8,9343181.9
Brésil,Amériques tropicales,2015,Girofle,17998.0,13337.0,1349.5,80990.6
Brésil,Amériques tropicales,2015,Noix de coco,3164050.0,537558.0,5886.0,1740227.4
Inde,Asie tropicale,2015,Canne à sucre,413343657.0,6006253.0,68818.9,115736223.9
Inde,Asie tropicale,2015,Vanille,230.0,314.0,732.4,9186.9
Inde,Asie tropicale,2015,Café,430308.0,487008.0,883.6,1204863.1
Inde,Asie tropicale,2015,Girofle,83651.0,49262.0,1698.1,376429.3
Inde,Asie tropicale,2015,Noix de coco,16961236.0,2695104.0,6293.4,9328679.9
Thaïlande,Asie tropicale,2015,Canne à sucre,,,,
Thaïlande,Asie tropicale,2015,Vanille,45.0,96.0,471.0,1816.3
Thaïlande,Asie tropicale,2015,Café,36049.0,54270.0,664.3,100937.2
Thaïlande,Asie tropicale,2015,Girofle,548.0,645.0,849.3,2464.8
Thaïlande,Asie tropicale,2015,Noix de coco,1209137.0,202113.0,5982.5,665025.4
Indonésie,Asie tropicale,2015,Canne à sucre,36316298.0,521247.0,69671.9,10168563.6
Indonésie,Asie tropicale,2015,Vanille,2242.0,3465.0,646.9,89676.5
Indonésie,Asie tropicale,2015,Café,808048.0,1141366.0,708.0,2262535.4
Indonésie,Asie tropicale,2015,Girofle,129348.0,82096.0,1575.6,582065.6
Indonésie,Asie tropicale,2015,Noix de coco,19954787.0,3225581.0,6186.4,10975133.0
Malaisie,Asie tropicale,2015,Canne à sucre,906903.0,8801.0,103043.1,253932.9
Malaisie,Asie tropicale,2015,Vanille,16.0,31.0,536.0,657.8
Malaisie,Asie tropicale,2015,Café,,,,
Malaisie,Asie tropicale,2015,Girofle,1274.0,1083.0,1175.7,5731.2
Malaisie,Asie tropicale,2015,Noix de coco,550059.0,75545.0,7281.2,302532.3
Madagascar,Afrique de l'Est,2016,Canne à sucre,3010204.0,53097.0,56692.6,842857.0
Madagascar,Afrique de l'Est,2016,Vanille,3261.0,4617.0,706.4,130445.3
Madagascar,Afrique de l'Est,2016,Café,61852.0,167588.0,369.1,173186.5
Madagascar,Afrique de l'Est,2016,Girofle,16955.0,11857.0,1429.9,76295.3
Madagascar,Afrique de l'Est,2016,Noix de coco,101733.0,26993.0,3768.8,55953.2
Mozambique,Afrique de l'Est,2016,Canne à sucre,4397694.0,67812.0,64851.5,1231354.3
Mozambique,Afrique de l'Est,2016,Vanille,129.0,284.0,453.3,5142.5
Mozambique,Afrique de l'Est,2016,Café,24421.0,82243.0,296.9,68378.4
Mozambique,Afrique de l'Est,2016,Girofle,2180.0,2303.0,946.6,9810.8
Mozambique,Afrique de l'Est,2016,Noix de coco,22698.0,6916.0,3282.0,12484.1
Kenya,Afrique de l'Est,2016,Canne à sucre,6245405.0,75812.0,82379.9,1748713.5
Kenya,Afrique de l'Est,2016,Vanille,79.0,183.0,430.4,3149.9
Kenya,Afrique de l'Est,2016,Café,50028.0,76735.0,651.9,140077.5
Kenya,Afrique de l'Est,2016,Girofle,836.0,1177.0,710.7,3763.8
Kenya,Afrique de l'Est,2016,Noix de coco,154304.0,30338.0,5086.1,84867.0
Tanzania,Afrique de l'Est,2016,Canne à sucre,2742327.0,42685.0,64245.0,767851.5
Tanzania,Afrique de l'Est,2016,Vanille,228.0,534.0,426.6,9105.9
Tanzania,Afrique de l'Est,2016,Café,,,,
Tanzania,Afrique de l'Est,2016,Girofle,12759.0,11567.0,1103.0,57414.5
Tanzania,Afrique de l'Est,2016,Noix de coco,672610.0,113605.0,5920.6,369935.4
Uganda,Afrique de l'Est,2016,Canne à sucre,1968245.0,35072.0,56119.4,551108.6
Uganda,Afrique de l'Est,2016,Vanille,64.0,163.0,395.6,2573.5
Uganda,Afrique de l'Est,2016,Café,318555.0,459008.0,694.0,891954.7
Uganda,Afrique de l'Est,2016,Girofle,240.0,346.0,691.9,1077.8
Uganda,Afrique de l'Est,2016,Noix de coco,15253.0,4481.0,3404.0,8389.3
Ethiopia,Afrique de l'Est,2016,Canne à sucre,1302238.0,18845.0,69103.4,364626.8
Ethiopia,Afrique de l'Est,2016,Vanille,32.0,104.0,311.2,1299.2
Ethiopia,Afrique de l'Est,2016,Café,443126.0,597430.0,741.7,1240753.9
Ethiopia,Afrique de l'Est,2016,Girofle,109.0,206.0,527.2,489.3
Maurice,Océan Indien,2016,Canne à sucre,4371177.0,61950.0,70559.5,1223929.4
Maurice,Océan Indien,2016,Vanille,11.0,20.0,537.1,425.8
Maurice,Océan Indien,2016,Girofle,230.0,250.0,919.3,1034.6
Maurice,Océan Indien,2016,Noix de coco,8584.0,1433.0,5991.9,4721.4
Comores,Océan Indien,2016,Canne à sucre,16947.0,342.0,49505.2,4745.2
Comores,Océan Indien,2016,Vanille,378.0,584.0,647.6,15128.1
Comores,Océan Indien,2016,Café,5466.0,16153.0,338.4,15304.2
Comores,Océan Indien,2016,Girofle,8864.0,7872.0,1126.1,39890.0
Comores,Océan Indien,2016,Noix de coco,54234.0,11349.0,4778.9,29828.9
Seychelles,Océan Indien,2016,Vanille,5.0,11.0,482.1,213.7
Seychelles,Océan Indien,2016,Girofle,58.0,69.0,848.8,261.8
Seychelles,Océan Indien,2016,Noix de coco,3585.0,535.0,6696.8,1971.7
Réunion,Océan Indien,2016,Canne à sucre,1907109.0,25425.0,75008.1,533990.5
Réunion,Océan Indien,2016,Vanille,28.0,45.0,611.0,1102.8
Réunion,Océan Indien,2016,Café,559.0,1201.0,465.7,1566.3
Réunion,Océan Indien,2016,Girofle,35.0,35.0,980.1,156.3
Réunion,Océan Indien,2016,Noix de coco,6622.0,1076.0,6154.0,3642.0
Brésil,Amériques tropicales,2016,Canne à sucre,877229623.0,10712086.0,81891.6,245624294.3
Brésil,Amériques tropicales,2016,Vanille,176.0,318.0,553.5,7041.6
Brésil,Amériques tropicales,2016,Café,3722764.0,2820914.0,1319.7,10423740.4
Brésil,Amériques tropicales,2016,Girofle,18045.0,13737.0,1313.6,81200.5
Brésil,Amériques tropicales,2016,Noix de coco,2874713.0,442722.0,6493.3,1581092.3
Inde,Asie tropicale,2016,Canne à sucre,337111556.0,4647190.0,72540.9,94391235.7
Inde,Asie tropicale,2016,Vanille,205.0,297.0,692.1,8219.6
Inde,Asie tropicale,2016,Café,362364.0,397274.0,912.1,1014618.2
Inde,Asie tropicale,2016,Girofle,91079.0,58243.0,1563.8,409855.6
Inde,Asie tropicale,2016,Noix de coco,15097518.0,2280022.0,6621.7,8303634.8
Thaïlande,Asie tropicale,2016,Canne à sucre,88023218.0,1242237.0,70858.6,24646501.0
Thaïlande,Asie tropicale,2016,Vanille,42.0,84.0,498.6,1675.7
Thaïlande,Asie tropicale,2016,Café,29399.0,45721.0,643.0,82318.6
Thaïlande,Asie tropicale,2016,Girofle,598.0,720.0,830.8,2693.1
Thaïlande,Asie tropicale,2016,Noix de coco,1453841.0,252071.0,5767.6,799612.7
Indonésie,Asie tropicale,2016,Canne à sucre,39117135.0,545405.0,71721.3,10952797.9
Indonésie,Asie tropicale,2016,Vanille,2328.0,3614.0,644.2,93121.7
Indonésie,Asie tropicale,2016,Café,877312.0,1259576.0,696.5,2456473.5
Indonésie,Asie tropicale,2016,Girofle,119027.0,80747.0,1474.1,535621.2
Indonésie,Asie tropicale,2016,Noix de coco,19931959.0,3048034.0,6539.3,10962577.5
Malaisie,Asie tropicale,2016,Canne à sucre,956356.0,9444.0,101264.8,267779.6
Malaisie,Asie tropicale,2016,Vanille,15.0,30.0,514.2,610.0
Malaisie,Asie tropicale,2016,Café,20717.0,35618.0,581.6,58007.3
Malaisie,Asie tropicale,2016,Girofle,1234.0,1072.0,1152.0,5555.1
Malaisie,Asie tropicale,2016,Noix de coco,553775.0,81767.0,6772.6,304576.0
Madagascar,Afrique de l'Est,2017,Canne à sucre,2946264.0,52635.0,55975.6,824953.9
Madagascar,Afrique de l'Est,2017,Vanille,3332.0,4743.0,702.5,133296.9
Madagascar,Afrique de l'Est,2017,Café,64224.0,160873.0,399.2,179825.8
Madagascar,Afrique de l'Est,2017,Girofle,16583.0,12485.0,1328.2,74622.4
Madagascar,Afrique de l'Est,2017,Noix de coco,103175.0,28179.0,3661.4,56746.5
Mozambique,Afrique de l'Est,2017,Canne à sucre,4650067.0,70968.0,65523.8,1302018.7
Mozambique,Afrique de l'Est,2017,Vanille,142.0,345.0,411.6,5675.5
Mozambique,Afrique de l'Est,2017,Café,24469.0,85177.0,287.3,68513.9
Mozambique,Afrique de l'Est,2017,Girofle,2278.0,2513.0,906.6,10250.0
Mozambique,Afrique de l'Est,2017,Noix de coco,23006.0,7678.0,2996.3,12653.6
Kenya,Afrique de l'Est,2017,Canne à sucre,6622709.0,85401.0,77548.0,1854358.5
Kenya,Afrique de l'Est,2017,Vanille,89.0,217.0,408.6,3541.5
Kenya,Afrique de l'Est,2017,Café,50957.0,85350.0,597.0,142680.3
Kenya,Afrique de l'Est,2017,Girofle,944.0,1348.0,700.1,4246.4
Kenya,Afrique de l'Est,2017,Noix de coco,147776.0,30077.0,4913.2,81277.0
Tanzania,Afrique de l'Est,2017,Canne à sucre,2479780.0,41293.0,60053.9,694338.5
Tanzania,Afrique de l'Est,2017,Vanille,221.0,478.0,462.6,8845.1
Tanzania,Afrique de l'Est,2017,Café,62162.0,131411.0,473.0,174052.3
Tanzania,Afrique de l'Est,2017,Girofle,12845.0,10551.0,1217.5,57802.3
Tanzania,Afrique de l'Est,2017,Noix de coco,655358.0,112940.0,5802.7,360447.0
Uganda,Afrique de l'Est,2017,Canne à sucre,1926280.0,32716.0,58879.3,539358.5
Uganda,Afrique de l'Est,2017,Vanille,69.0,178.0,387.2,2750.5
Uganda,Afrique de l'Est,2017,Café,339578.0,473582.0,717.0,950818.7
Uganda,Afrique de l'Est,2017,Girofle,208.0,296.0,702.2,934.0
Uganda,Afrique de l'Est,2017,Noix de coco,16906.0,5065.0,3337.9,9298.1
Ethiopia,Afrique de l'Est,2017,Canne à sucre,1350013.0,18748.0,72007.7,378003.6
Ethiopia,Afrique de l'Est,2017,Vanille,32.0,95.0,330.7,1261.9
Ethiopia,Afrique de l'Est,2017,Café,527993.0,663923.0,795.3,1478381.8
Ethiopia,Afrique de l'Est,2017,Girofle,109.0,198.0,549.4,490.0
Maurice,Océan Indien,2017,Canne à sucre,3393467.0,46101.0,73609.6,950170.9
Maurice,Océan Indien,2017,Vanille,11.0,21.0,538.3,449.5
Maurice,Océan Indien,2017,Girofle,199.0,211.0,940.4,894.0
Maurice,Océan Indien,2017,Noix de coco,8049.0,1452.0,5541.6,4427.0
Comores,Océan Indien,2017,Canne à sucre,15875.0,286.0,55564.4,4445.1
Comores,Océan Indien,2017,Vanille,371.0,557.0,666.0,14833.4
Comores,Océan Indien,2017,Café,6053.0,18223.0,332.2,16947.7
Comores,Océan Indien,2017,Girofle,9097.0,8361.0,1088.0,40937.0
Comores,Océan Indien,2017,Noix de coco,59665.0,12217.0,4883.7,32815.7
Seychelles,Océan Indien,2017,Vanille,6.0,12.0,481.3,230.1
Seychelles,Océan Indien,2017,Girofle,55.0,64.0,860.9,249.5
Seychelles,Océan Indien,2017,Noix de coco,3412.0,559.0,6100.7,1876.7
Réunion,Océan Indien,2017,Canne à sucre,1963671.0,25117.0,78182.1,549827.7
Réunion,Océan Indien,2017,Vanille,27.0,47.0,564.2,1067.9
Réunion,Océan Indien,2017,Café,515.0,1224.0,420.8,1441.8
Réunion,Océan Indien,2017,Girofle,35.0,34.0,1024.7,155.8
Réunion,Océan Indien,2017,Noix de coco,6798.0,1081.0,6288.7,3738.9
Brésil,Amériques tropicales,2017,Canne à sucre,781943651.0,10118627.0,77277.6,218944222.3
Brésil,Amériques tropicales,2017,Vanille,167.0,299.0,558.4,6676.1
Brésil,Amériques tropicales,2017,Café,3538561.0,2620456.0,1350.4,9907971.5
Brésil,Amériques tropicales,2017,Girofle,16512.0,11928.0,1384.3,74305.9
Brésil,Amériques tropicales,2017,Noix de coco,3244784.0,546219.0,5940.5,1784631.3
Inde,Asie tropicale,2017,Canne à sucre,409032396.0,5228024.0,78238.4,114529070.8
Inde,Asie tropicale,2017,Vanille,226.0,308.0,731.0,9020.7
Inde,Asie tropicale,2017,Café,392727.0,446602.0,879.4,1099636.7
Inde,Asie tropicale,2017,Girofle,80980.0,51966.0,1558.3,364408.3
Inde,Asie tropicale,2017,Noix de coco,17903046.0,2607580.0,6865.8,9846675.3
Thaïlande,Asie tropicale,2017,Canne à sucre,83405905.0,1169822.0,71298.0,23353653.4
Thaïlande,Asie tropicale,2017,Vanille,42.0,94.0,449.0,1691.6
Thaïlande,Asie tropicale,2017,Café,31035.0,49787.0,623.4,86898.3
Thaïlande,Asie tropicale,2017,Girofle,522.0,615.0,848.4,2348.6
Thaïlande,Asie tropicale,2017,Noix de coco,1376231.0,231909.0,5934.4,756927.0
Indonésie,Asie tropicale,2017,Canne à sucre,39584442.0,571221.0,69297.9,11083643.8
Indonésie,Asie tropicale,2017,Vanille,2438.0,3723.0,654.9,97539.2
Indonésie,Asie tropicale,2017,Café,804118.0,1137907.0,706.7,2251529.6
Indonésie,Asie tropicale,2017,Girofle,125036.0,77534.0,1612.7,562660.9
Indonésie,Asie tropicale,2017,Noix de coco,21128136.0,3134577.0,6740.3,11620475.0
Malaisie,Asie tropicale,2017,Canne à sucre,958997.0,10068.0,95250.8,268519.1
Malaisie,Asie tropicale,2017,Vanille,16.0,30.0,522.9,625.4
Malaisie,Asie tropicale,2017,Café,20534.0,35717.0,574.9,57495.4
Malaisie,Asie tropicale,2017,Girofle,1275.0,1073.0,1188.2,5736.4
Malaisie,Asie tropicale,2017,Noix de coco,550246.0,76191.0,7222.0,302635.3
Madagascar,Afrique de l'Est,2018,Canne à sucre,2913003.0,49906.0,58370.3,815641.0
Madagascar,Afrique de l'Est,2018,Vanille,3145.0,4569.0,688.4,125810.2
Madagascar,Afrique de l'Est,2018,Café,59941.0,160571.0,373.3,167834.6
Madagascar,Afrique de l'Est,2018,Girofle,16761.0,12891.0,1300.2,75425.2
Madagascar,Afrique de l'Est,2018,Noix de coco,107183.0,26713.0,4012.4,58950.8
Mozambique,Afrique de l'Est,2018,Canne à sucre,4332048.0,67878.0,63821.3,1212973.6
Mozambique,Afrique de l'Est,2018,Vanille,141.0,334.0,420.3,5620.2
Mozambique,Afrique de l'Est,2018,Café,24129.0,76299.0,316.2,67561.1
Mozambique,Afrique de l'Est,2018,Girofle,2065.0,2219.0,930.7,9291.7
Mozambique,Afrique de l'Est,2018,Noix de coco,25747.0,7662.0,3360.5,14160.6
Kenya,Afrique de l'Est,2018,Canne à sucre,5932216.0,74825.0,79281.2,1661020.4
Kenya,Afrique de l'Est,2018,Vanille,,,,
Kenya,Afrique de l'Est,2018,Café,52405.0,85098.0,615.8,146734.2
Kenya,Afrique de l'Est,2018,Girofle,949.0,1286.0,737.6,4269.3
Kenya,Afrique de l'Est,2018,Noix de coco,166677.0,32109.0,5191.0,91672.1
Tanzania,Afrique de l'Est,2018,Canne à sucre,2626450.0,41053.0,63977.0,735406.1
Tanzania,Afrique de l'Est,2018,Vanille,223.0,507.0,440.5,8939.9
Tanzania,Afrique de l'Est,2018,Café,58439.0,125932.0,464.1,163629.4
Tanzania,Afrique de l'Est,2018,Girofle,12744.0,11408.0,1117.1,57347.4
Tanzania,Afrique de l'Est,2018,Noix de coco,613468.0,110671.0,5543.2,337407.6
Uganda,Afrique de l'Est,2018,Canne à sucre,1956885.0,34520.0,56687.8,547927.9
Uganda,Afrique de l'Est,2018,Vanille,62.0,179.0,347.7,2491.2
Uganda,Afrique de l'Est,2018,Café,303942.0,411685.0,738.3,851038.8
Uganda,Afrique de l'Est,2018,Girofle,220.0,313.0,703.9,991.1
Uganda,Afrique de l'Est,2018,Noix de coco,17431.0,5002.0,3485.0,9587.3
Ethiopia,Afrique de l'Est,2018,Canne à sucre,1295093.0,17578.0,73676.1,362625.9
Ethiopia,Afrique de l'Est,2018,Vanille,39.0,115.0,334.2,1540.9
Ethiopia,Afrique de l'Est,2018,Café,517870.0,694742.0,745.4,1450036.9
Ethiopia,Afrique de l'Est,2018,Girofle,115.0,217.0,527.4,516.0
Maurice,Océan Indien,2018,Canne à sucre,4302941.0,54229.0,79347.0,1204823.6
Maurice,Océan Indien,2018,Vanille,11.0,21.0,509.7,423.1
Maurice,Océan Indien,2018,Girofle,206.0,212.0,971.5,926.5
Maurice,Océan Indien,2018,Noix de coco,8400.0,1333.0,6303.2,4620.1
Comores,Océan Indien,2018,Canne à sucre,15623.0,299.0,52220.5,4374.5
Comores,Océan Indien,2018,Vanille,401.0,608.0,660.2,16042.9
Comores,Océan Indien,2018,Café,5485.0,16168.0,339.3,15358.9
Comores,Océan Indien,2018,Girofle,8487.0,7152.0,1186.8,38192.9
Comores,Océan Indien,2018,Noix de coco,59084.0,11127.0,5309.8,32495.9
Seychelles,Océan Indien,2018,Vanille,5.0,11.0,489.2,210.9
Seychelles,Océan Indien,2018,Girofle,,,,
Seychelles,Océan Indien,2018,Noix de coco,3834.0,583.0,6574.8,2108.8
Réunion,Océan Indien,2018,Canne à sucre,1999939.0,25873.0,77298.9,559983.0
Réunion,Océan Indien,2018,Vanille,29.0,46.0,633.6,1166.3
Réunion,Océan Indien,2018,Café,601.0,1339.0,448.5,1681.5
Réunion,Océan Indien,2018,Girofle,37.0,36.0,1002.1,164.4
Réunion,Océan Indien,2018,Noix de coco,6705.0,1052.0,6370.6,3687.5
Brésil,Amériques tropicales,2018,Canne à sucre,932394071.0,11846478.0,78706.4,261070339.8
Brésil,Amériques tropicales,2018,Vanille,174.0,337.0,517.2,6972.4
Brésil,Amériques tropicales,2018,Café,3644841.0,2753640.0,1323.6,10205553.5
Brésil,Amériques tropicales,2018,Girofle,17823.0,11966.0,1489.5,80204.6
Brésil,Amériques tropicales,2018,Noix de coco,3033234.0,476631.0,6363.9,1668278.5
Inde,Asie tropicale,2018,Canne à sucre,363361162.0,4742869.0,76612.1,101741125.3
Inde,Asie tropicale,2018,Vanille,234.0,319.0,731.7,9343.2
Inde,Asie tropicale,2018,Café,398530.0,427654.0,931.9,1115885.0
Inde,Asie tropicale,2018,Girofle,83251.0,51659.0,1611.5,374627.9
Inde,Asie tropicale,2018,Noix de coco,16937346.0,2526198.0,6704.7,9315540.5
Thaïlande,Asie tropicale,2018,Canne à sucre,101348401.0,1328884.0,76265.8,28377552.3
Thaïlande,Asie tropicale,2018,Vanille,48.0,103.0,468.1,1928.6
Thaïlande,Asie tropicale,2018,Café,29836.0,46192.0,645.9,83540.3
Thaïlande,Asie tropicale,2018,Girofle,540.0,627.0,861.2,2430.4
Thaïlande,Asie tropicale,2018,Noix de coco,1307767.0,227792.0,5741.1,719271.8
Indonésie,Asie tropicale,2018,Canne à sucre,37986038.0,576226.0,65922.2,10636090.7
Indonésie,Asie tropicale,2018,Vanille,2413.0,3557.0,678.4,96517.8
Indonésie,Asie tropicale,2018,Café,851814.0,1079398.0,789.2,2385077.9
Indonésie,Asie tropicale,2018,Girofle,128337.0,87043.0,1474.4,577514.3
Indonésie,Asie tropicale,2018,Noix de coco,19944294.0,3335280.0,5979.8,10969361.8
Malaisie,Asie tropicale,2018,Canne à sucre,902440.0,8755.0,103080.7,252683.2
Malaisie,Asie tropicale,2018,Vanille,17.0,33.0,503.8,661.7
Malaisie,Asie tropicale,2018,Café,21092.0,35224.0,598.8,59058.7
Malaisie,Asie tropicale,2018,Girofle,1394.0,1208.0,1153.5,6271.1
Malaisie,Asie tropicale,2018,Noix de coco,554116.0,71388.0,7762.0,304763.6
Madagascar,Afrique de l'Est,2019,Canne à sucre,2599402.0,42098.0,61746.7,727832.6
Madagascar,Afrique de l'Est,2019,Vanille,3124.0,4278.0,730.2,124956.4
Madagascar,Afrique de l'Est,2019,Café,62179.0,158504.0,392.3,174100.2
Madagascar,Afrique de l'Est,2019,Girofle,16785.0,13876.0,1209.7,75534.3
Madagascar,Afrique de l'Est,2019,Noix de coco,106093.0,29067.0,3650.0,58351.2
Mozambique,Afrique de l'Est,2019,Canne à sucre,4375643.0,65701.0,66599.8,1225180.0
Mozambique,Afrique de l'Est,2019,Vanille,131.0,289.0,451.7,5229.7
Mozambique,Afrique de l'Est,2019,Café,24640.0,82743.0,297.8,68993.2
Mozambique,Afrique de l'Est,2019,Girofle,2312.0,2363.0,978.3,10401.8
Mozambique,Afrique de l'Est,2019,Noix de coco,26111.0,8156.0,3201.5,14361.0
Kenya,Afrique de l'Est,2019,Canne à sucre,,,,
Kenya,Afrique de l'Est,2019,Vanille,80.0,181.0,442.0,3200.5
Kenya,Afrique de l'Est,2019,Café,50752.0,81167.0,625.3,142104.9
Kenya,Afrique de l'Est,2019,Girofle,987.0,1329.0,743.1,4443.5
Kenya,Afrique de l'Est,2019,Noix de coco,152907.0,29055.0,5262.8,84099.1
Tanzania,Afrique de l'Est,2019,Canne à sucre,,,,
Tanzania,Afrique de l'Est,2019,Vanille,214.0,482.0,444.4,8567.6
Tanzania,Afrique de l'Est,2019,Café,62558.0,132760.0,471.2,175163.6
Tanzania,Afrique de l'Est,2019,Girofle,13976.0,11695.0,1195.0,62892.0
Tanzania,Afrique de l'Est,2019,Noix de coco,638359.0,116952.0,5458.3,351097.3
Uganda,Afrique de l'Est,2019,Canne à sucre,1921366.0,34809.0,55197.5,537982.6
Uganda,Afrique de l'Est,2019,Vanille,69.0,181.0,382.8,2767.8
Uganda,Afrique de l'Est,2019,Café,340163.0,496039.0,685.8,952457.4
Uganda,Afrique de l'Est,2019,Girofle,235.0,336.0,701.4,1058.9
Uganda,Afrique de l'Est,2019,Noix de coco,17652.0,4703.0,3753.6,9708.3
Ethiopia,Afrique de l'Est,2019,Canne à sucre,1350321.0,18151.0,74392.9,378089.8
Ethiopia,Afrique de l'Est,2019,Vanille,35.0,107.0,330.3,1409.5
Ethiopia,Afrique de l'Est,2019,Café,553962.0,775893.0,714.0,1551094.5
Ethiopia,Afrique de l'Est,2019,Girofle,116.0,223.0,519.1,521.9
Maurice,Océan Indien,2019,Canne à sucre,4458562.0,59224.0,75282.7,1248397.5
Maurice,Océan Indien,2019,Vanille,11.0,23.0,492.2,454.7
Maurice,Océan Indien,2019,Girofle,,,,
Maurice,Océan Indien,2019,Noix de coco,9170.0,1521.0,6029.9,5043.5
Comores,Océan Indien,2019,Canne à sucre,18295.0,352.0,52040.3,5122.7
Comores,Océan Indien,2019,Vanille,374.0,530.0,706.7,14972.7
Comores,Océan Indien,2019,Café,6213.0,17798.0,349.1,17397.7
Comores,Océan Indien,2019,Girofle,9636.0,8198.0,1175.4,43359.9
Comores,Océan Indien,2019,Noix de coco,65150.0,12546.0,5193.1,35832.7
Seychelles,Océan Indien,2019,Vanille,5.0,10.0,519.2,210.5
Seychelles,Océan Indien,2019,Girofle,61.0,71.0,853.3,273.5
Seychelles,Océan Indien,2019,Noix de coco,3486.0,535.0,6519.2,1917.5
Réunion,Océan Indien,2019,Canne à sucre,2084420.0,27136.0,76812.5,583637.6
Réunion,Océan Indien,2019,Vanille,28.0,43.0,662.3,1129.7
Réunion,Océan Indien,2019,Café,618.0,1287.0,479.7,1729.4
Réunion,Océan Indien,2019,Girofle,33.0,34.0,956.0,146.7
Réunion,Océan Indien,2019,Noix de coco,6675.0,1062.0,6283.3,3671.3
Brésil,Amériques tropicales,2019,Canne à sucre,809112504.0,10512511.0,76966.6,226551501.2
Brésil,Amériques tropicales,2019,Vanille,184.0,354.0,518.9,7356.1
Brésil,Amériques tropicales,2019,Café,4039840.0,2999005.0,1347.1,11311552.4
Brésil,Amériques tropicales,2019,Girofle,18292.0,12365.0,1479.4,82315.4
Brésil,Amériques tropicales,2019,Noix de coco,3336154.0,551537.0,6048.8,1834884.9
Inde,Asie tropicale,2019,Canne à sucre,352944313.0,4643888.0,76001.9,98824407.7
Inde,Asie tropicale,2019,Vanille,241.0,291.0,828.7,9634.7
Inde,Asie tropicale,2019,Café,,,,
Inde,Asie tropicale,2019,Girofle,86165.0,50498.0,1706.3,387741.7
Inde,Asie tropicale,2019,Noix de coco,16960357.0,2565749.0,6610.3,9328196.4
Thaïlande,Asie tropicale,2019,Canne à sucre,97611187.0,1268768.0,76933.8,27331132.3
Thaïlande,Asie tropicale,2019,Vanille,43.0,86.0,504.7,1732.2
Thaïlande,Asie tropicale,2019,Café,31133.0,49437.0,629.8,87172.8
Thaïlande,Asie tropicale,2019,Girofle,561.0,631.0,888.9,2525.7
Thaïlande,Asie tropicale,2019,Noix de coco,1254813.0,212599.0,5902.3,690147.3
Indonésie,Asie tropicale,2019,Canne à sucre,38217506.0,527098.0,72505.5,10700901.8
Indonésie,Asie tropicale,2019,Vanille,2320.0,3397.0,683.0,92808.1
Indonésie,Asie tropicale,2019,Café,895223.0,1149969.0,778.5,2506624.9
Indonésie,Asie tropicale,2019,Girofle,102525.0,67390.0,1521.4,461363.1
Indonésie,Asie tropicale,2019,Noix de coco,18823911.0,2955389.0,6369.4,10353150.8
Malaisie,Asie tropicale,2019,Canne à sucre,884561.0,8202.0,107848.9,247677.0
Malaisie,Asie tropicale,2019,Vanille,16.0,29.0,539.0,633.4
Malaisie,Asie tropicale,2019,Café,20811.0,37595.0,553.6,58272.1
Malaisie,Asie tropicale,2019,Girofle,1294.0,1072.0,1207.3,5821.5
Malaisie,Asie tropicale,2019,Noix de coco,500180.0,69917.0,7153.9,275098.8
Madagascar,Afrique de l'Est,2020,Canne à sucre,2916579.0,48497.0,60139.0,816642.2
Madagascar,Afrique de l'Est,2020,Vanille,3408.0,4834.0,705.1,136330.3
Madagascar,Afrique de l'Est,2020,Café,62404.0,166486.0,374.8,174731.1
Madagascar,Afrique de l'Est,2020,Girofle,16220.0,11876.0,1365.8,72988.8
Madagascar,Afrique de l'Est,2020,Noix de coco,105817.0,30016.0,3525.3,58199.3
Mozambique,Afrique de l'Est,2020,Canne à sucre,4244875.0,61737.0,68757.8,1188565.0
Mozambique,Afrique de l'Est,2020,Vanille,143.0,309.0,461.6,5713.4
Mozambique,Afrique de l'Est,2020,Café,23833.0,80862.0,294.7,66733.6
Mozambique,Afrique de l'Est,2020,Girofle,2337.0,2358.0,991.1,10516.6
Mozambique,Afrique de l'Est,2020,Noix de coco,24553.0,7300.0,3363.7,13504.2
Kenya,Afrique de l'Est,2020,Canne à sucre,5756529.0,72988.0,78869.9,1611828.1
Kenya,Afrique de l'Est,2020,Vanille,94.0,233.0,403.6,3755.1
Kenya,Afrique de l'Est,2020,Café,58650.0,93456.0,627.6,164220.8
Kenya,Afrique de l'Est,2020,Girofle,986.0,1280.0,770.2,4435.7
Kenya,Afrique de l'Est,2020,Noix de coco,171235.0,33396.0,5127.3,94179.3
Tanzania,Afrique de l'Est,2020,Canne à sucre,2760756.0,42995.0,64210.4,773011.7
Tanzania,Afrique de l'Est,2020,Vanille,,,,
Tanzania,Afrique de l'Est,2020,Café,58019.0,119200.0,486.7,162453.8
Tanzania,Afrique de l'Est,2020,Girofle,13604.0,11101.0,1225.5,61216.5
Tanzania,Afrique de l'Est,2020,Noix de coco,658106.0,118476.0,5554.8,361958.1
Uganda,Afrique de l'Est,2020,Canne à sucre,2013158.0,33790.0,59579.3,563684.2
Uganda,Afrique de l'Est,2020,Vanille,69.0,181.0,379.0,2745.6
Uganda,Afrique de l'Est,2020,Café,333558.0,461184.0,723.3,933963.6
Uganda,Afrique de l'Est,2020,Girofle,242.0,344.0,704.0,1089.2
Uganda,Afrique de l'Est,2020,Noix de coco,14809.0,4107.0,3605.8,8144.7
Ethiopia,Afrique de l'Est,2020,Canne à sucre,1406629.0,18707.0,75194.3,393856.2
Ethiopia,Afrique de l'Est,2020,Vanille,33.0,103.0,315.6,1302.7
Ethiopia,Afrique de l'Est,2020,Café,518561.0,676621.0,766.4,1451969.6
Ethiopia,Afrique de l'Est,2020,Girofle,103.0,192.0,536.5,464.1
Maurice,Océan Indien,2020,Canne à sucre,4090032.0,52446.0,77985.7,1145208.9
Maurice,Océan Indien,2020,Vanille,12.0,23.0,545.5,498.7
Maurice,Océan Indien,2020,Girofle,,,,
Maurice,Océan Indien,2020,Noix de coco,10118.0,1760.0,5749.3,5564.7
Comores,Océan Indien,2020,Canne à sucre,17999.0,343.0,52480.5,5039.7
Comores,Océan Indien,2020,Vanille,398.0,605.0,657.4,15921.0
Comores,Océan Indien,2020,Café,5355.0,14969.0,357.7,14993.3
Comores,Océan Indien,2020,Girofle,9498.0,7887.0,1204.2,42739.4
Comores,Océan Indien,2020,Noix de coco,57331.0,11203.0,5117.7,31532.3
Seychelles,Océan Indien,2020,Vanille,6.0,11.0,521.5,228.6
Seychelles,Océan Indien,2020,Girofle,58.0,71.0,827.3,262.9
Seychelles,Océan Indien,2020,Noix de coco,3621.0,593.0,6109.3,1991.5
Réunion,Océan Indien,2020,Canne à sucre,2086946.0,27071.0,77090.6,584344.9
Réunion,Océan Indien,2020,Vanille,27.0,44.0,608.3,1082.1
Réunion,Océan Indien,2020,Café,,,,
Réunion,Océan Indien,2020,Girofle,36.0,36.0,1017.6,162.9
Réunion,Océan Indien,2020,Noix de coco,7046.0,1095.0,6437.4,3875.5
Brésil,Amériques tropicales,2020,Canne à sucre,847576484.0,10931895.0,77532.4,237321415.4
Brésil,Amériques tropicales,2020,Vanille,162.0,297.0,546.2,6489.1
Brésil,Amériques tropicales,2020,Café,3843059.0,3213125.0,1196.1,10760564.6
Brésil,Amériques tropicales,2020,Girofle,18403.0,13402.0,1373.2,82813.6
Brésil,Amériques tropicales,2020,Noix de coco,3351841.0,531726.0,6303.7,1843512.7
Inde,Asie tropicale,2020,Canne à sucre,395108865.0,5082955.0,77732.1,110630482.2
Inde,Asie tropicale,2020,Vanille,239.0,332.0,720.3,9572.3
Inde,Asie tropicale,2020,Café,423596.0,437786.0,967.6,1186068.8
Inde,Asie tropicale,2020,Girofle,85875.0,54626.0,1572.0,386435.5
Inde,Asie tropicale,2020,Noix de coco,18624517.0,2730368.0,6821.2,10243484.3
Thaïlande,Asie tropicale,2020,Canne à sucre,83218089.0,1137481.0,73160.0,23301065.0
Thaïlande,Asie tropicale,2020,Vanille,45.0,94.0,476.8,1783.5
Thaïlande,Asie tropicale,2020,Café,31479.0,48471.0,649.4,88140.2
Thaïlande,Asie tropicale,2020,Girofle,545.0,627.0,869.5,2454.5
Thaïlande,Asie tropicale,2020,Noix de coco,1352490.0,210137.0,6436.2,743869.3
Indonésie,Asie tropicale,2020,Canne à sucre,38837112.0,538239.0,72155.9,10874391.4
Indonésie,Asie tropicale,2020,Vanille,2352.0,3410.0,689.8,94078.0
Indonésie,Asie tropicale,2020,Café,,,,
Indonésie,Asie tropicale,2020,Girofle,136146.0,87676.0,1552.8,612656.6
Indonésie,Asie tropicale,2020,Noix de coco,19816056.0,3141859.0,6307.1,10898830.9
Malaisie,Asie tropicale,2020,Canne à sucre,920607.0,8765.0,105028.1,257770.1
Malaisie,Asie tropicale,2020,Vanille,20.0,40.0,496.1,793.0
Malaisie,Asie tropicale,2020,Café,21900.0,37158.0,589.4,61319.1
Malaisie,Asie tropicale,2020,Girofle,1373.0,1166.0,1178.0,6179.6
Malaisie,Asie tropicale,2020,Noix de coco,620717.0,84301.0,7363.1,341394.5
Madagascar,Afrique de l'Est,2021,Canne à sucre,2913063.0,50201.0,58028.0,815657.7
Madagascar,Afrique de l'Est,2021,Vanille,3254.0,4721.0,689.3,130167.5
Madagascar,Afrique de l'Est,2021,Café,67132.0,179586.0,373.8,187969.3
Madagascar,Afrique de l'Est,2021,Girofle,16762.0,12095.0,1385.8,75429.4
Madagascar,Afrique de l'Est,2021,Noix de coco,109481.0,27693.0,3953.4,60214.3
Mozambique,Afrique de l'Est,2021,Canne à sucre,4275930.0,60912.0,70198.3,1197260.3
Mozambique,Afrique de l'Est,2021,Vanille,135.0,309.0,436.2,5384.8
Mozambique,Afrique de l'Est,2021,Café,24858.0,78882.0,315.1,69602.1
Mozambique,Afrique de l'Est,2021,Girofle,2457.0,2492.0,986.1,11058.5
Mozambique,Afrique de l'Est,2021,Noix de coco,25251.0,7634.0,3307.8,13888.1
Kenya,Afrique de l'Est,2021,Canne à sucre,5982053.0,75812.0,78906.2,1674974.8
Kenya,Afrique de l'Est,2021,Vanille,88.0,220.0,400.4,3528.0
Kenya,Afrique de l'Est,2021,Café,52606.0,83334.0,631.3,147296.6
Kenya,Afrique de l'Est,2021,Girofle,882.0,1175.0,750.7,3970.9
Kenya,Afrique de l'Est,2021,Noix de coco,167904.0,31049.0,5407.7,92347.1
Tanzania,Afrique de l'Est,2021,Canne à sucre,2782365.0,44529.0,62484.2,779062.2
Tanzania,Afrique de l'Est,2021,Vanille,233.0,486.0,478.6,9309.5
Tanzania,Afrique de l'Est,2021,Café,57211.0,125210.0,456.9,160192.0
Tanzania,Afrique de l'Est,2021,Girofle,12614.0,10565.0,1194.0,56761.1
Tanzania,Afrique de l'Est,2021,Noix de coco,609565.0,103182.0,5907.7,335260.8
Uganda,Afrique de l'Est,2021,Canne à sucre,2124639.0,37698.0,56359.3,594898.8
Uganda,Afrique de l'Est,2021,Vanille,70.0,184.0,379.8,2788.9
Uganda,Afrique de l'Est,2021,Café,346088.0,456674.0,757.8,969047.8
Uganda,Afrique de l'Est,2021,Girofle,219.0,302.0,724.6,984.1
Uganda,Afrique de l'Est,2021,Noix de coco,17464.0,5113.0,3415.4,9604.9
Ethiopia,Afrique de l'Est,2021,Canne à sucre,1427208.0,19481.0,73261.8,399618.2
Ethiopia,Afrique de l'Est,2021,Vanille,35.0,107.0,327.3,1403.4
Ethiopia,Afrique de l'Est,2021,Café,519378.0,661596.0,785.0,1454258.0
Ethiopia,Afrique de l'Est,2021,Girofle,114.0,199.0,575.8,514.7
Maurice,Océan Indien,2021,Canne à sucre,4228609.0,57313.0,73781.6,1184010.4
Maurice,Océan Indien,2021,Vanille,11.0,21.0,533.3,442.7
Maurice,Océan Indien,2021,Girofle,216.0,248.0,870.5,972.1
Maurice,Océan Indien,2021,Noix de coco,9351.0,1502.0,6227.0,5143.3
Comores,Océan Indien,2021,Canne à sucre,18912.0,324.0,58365.6,5295.4
Comores,Océan Indien,2021,Vanille,389.0,577.0,674.0,15566.3
Comores,Océan Indien,2021,Café,5585.0,15448.0,361.6,15638.4
Comores,Océan Indien,2021,Girofle,8446.0,7165.0,1178.8,38004.8
Comores,Océan Indien,2021,Noix de coco,57449.0,11513.0,4989.8,31596.9
Seychelles,Océan Indien,2021,Vanille,6.0,12.0,486.8,236.9
Seychelles,Océan Indien,2021,Girofle,54.0,61.0,886.8,244.4
Seychelles,Océan Indien,2021,Noix de coco,3915.0,599.0,6538.2,2153.3
Réunion,Océan Indien,2021,Canne à sucre,2149202.0,27284.0,78771.7,601776.5
Réunion,Océan Indien,2021,Vanille,,,,
Réunion,Océan Indien,2021,Café,592.0,1354.0,437.0,1656.6
Réunion,Océan Indien,2021,Girofle,32.0,32.0,992.3,144.6
Réunion,Océan Indien,2021,Noix de coco,6915.0,1079.0,6406.8,3803.5
Brésil,Amériques tropicales,2021,Canne à sucre,885152090.0,10781097.0,82102.2,247842585.2
Brésil,Amériques tropicales,2021,Vanille,173.0,297.0,584.0,6929.2
Brésil,Amériques tropicales,2021,Café,3311199.0,2307224.0,1435.1,9271356.6
Brésil,Amériques tropicales,2021,Girofle,18009.0,13510.0,1333.1,81042.3
Brésil,Amériques tropicales,2021,Noix de coco,3437109.0,569231.0,6038.2,1890409.8
Inde,Asie tropicale,2021,Canne à sucre,399521772.0,5354274.0,74617.4,111866096.0
Inde,Asie tropicale,2021,Vanille,227.0,310.0,730.4,9069.7
Inde,Asie tropicale,2021,Café,433963.0,456214.0,951.2,1215095.1
Inde,Asie tropicale,2021,Girofle,87651.0,55253.0,1586.4,394430.7
Inde,Asie tropicale,2021,Noix de coco,18175188.0,2728181.0,6662.0,9996353.2
Thaïlande,Asie tropicale,2021,Canne à sucre,97687249.0,1315766.0,74243.6,27352429.7
Thaïlande,Asie tropicale,2021,Vanille,44.0,88.0,503.3,1768.6
Thaïlande,Asie tropicale,2021,Café,31083.0,47536.0,653.9,87031.5
Thaïlande,Asie tropicale,2021,Girofle,573.0,647.0,886.5,2580.1
Thaïlande,Asie tropicale,2021,Noix de coco,1256056.0,203444.0,6174.0,690830.7
Indonésie,Asie tropicale,2021,Canne à sucre,37423040.0,525975.0,71149.8,10478451.3
Indonésie,Asie tropicale,2021,Vanille,2348.0,3416.0,687.3,93913.7
Indonésie,Asie tropicale,2021,Café,844493.0,1139428.0,741.2,2364580.8
Indonésie,Asie tropicale,2021,Girofle,132454.0,84510.0,1567.3,596044.7
Indonésie,Asie tropicale,2021,Noix de coco,21207281.0,3234794.0,6556.0,11664004.6
Malaisie,Asie tropicale,2021,Canne à sucre,844982.0,8087.0,104489.0,236595.1
Malaisie,Asie tropicale,2021,Vanille,16.0,32.0,505.0,642.1
Malaisie,Asie tropicale,2021,Café,22261.0,37316.0,596.6,62331.6
Malaisie,Asie tropicale,2021,Girofle,1400.0,1170.0,1196.3,6297.9
Malaisie,Asie tropicale,2021,Noix de coco,546971.0,72299.0,7565.4,300834.3
Madagascar,Afrique de l'Est,2022,Canne à sucre,2847404.0,47276.0,60229.1,797273.1
Madagascar,Afrique de l'Est,2022,Vanille,3575.0,5020.0,712.2,143003.5
Madagascar,Afrique de l'Est,2022,Café,62637.0,161521.0,387.8,175382.3
Madagascar,Afrique de l'Est,2022,Girofle,17500.0,13557.0,1290.9,78747.8
Madagascar,Afrique de l'Est,2022,Noix de coco,108636.0,30377.0,3576.3,59749.9
Mozambique,Afrique de l'Est,2022,Canne à sucre,4893797.0,72003.0,67967.0,1370263.2
Mozambique,Afrique de l'Est,2022,Vanille,,,,
Mozambique,Afrique de l'Est,2022,Café,25078.0,82795.0,302.9,70219.1
Mozambique,Afrique de l'Est,2022,Girofle,2381.0,2397.0,993.5,10716.0
Mozambique,Afrique de l'Est,2022,Noix de coco,25760.0,7488.0,3440.0,14167.9
Kenya,Afrique de l'Est,2022,Canne à sucre,5478035.0,66879.0,81909.8,1533849.9
Kenya,Afrique de l'Est,2022,Vanille,92.0,221.0,415.2,3668.3
Kenya,Afrique de l'Est,2022,Café,55897.0,88433.0,632.1,156511.0
Kenya,Afrique de l'Est,2022,Girofle,902.0,1102.0,818.3,4059.2
Kenya,Afrique de l'Est,2022,Noix de coco,,,,
Tanzania,Afrique de l'Est,2022,Canne à sucre,2672347.0,41120.0,64988.6,748257.3
Tanzania,Afrique de l'Est,2022,Vanille,,,,
Tanzania,Afrique de l'Est,2022,Café,66464.0,146212.0,454.6,186098.1
Tanzania,Afrique de l'Est,2022,Girofle,12356.0,9562.0,1292.2,55600.3
Tanzania,Afrique de l'Est,2022,Noix de coco,617030.0,101106.0,6102.8,339366.4
Uganda,Afrique de l'Est,2022,Canne à sucre,2119507.0,35647.0,59458.3,593461.8
Uganda,Afrique de l'Est,2022,Vanille,70.0,182.0,383.7,2786.9
Uganda,Afrique de l'Est,2022,Café,312607.0,420455.0,743.5,875299.1
Uganda,Afrique de l'Est,2022,Girofle,236.0,321.0,735.0,1062.5
Uganda,Afrique de l'Est,2022,Noix de coco,16783.0,4860.0,3453.5,9230.9
Ethiopia,Afrique de l'Est,2022,Canne à sucre,1248390.0,17204.0,72562.1,349549.2
Ethiopia,Afrique de l'Est,2022,Vanille,37.0,119.0,312.6,1489.5
Ethiopia,Afrique de l'Est,2022,Café,575769.0,720842.0,798.7,1612154.4
Ethiopia,Afrique de l'Est,2022,Girofle,122.0,209.0,584.8,550.8
Maurice,Océan Indien,2022,Canne à sucre,4440560.0,56611.0,78440.2,1243356.7
Maurice,Océan Indien,2022,Vanille,11.0,20.0,531.8,434.4
Maurice,Océan Indien,2022,Girofle,230.0,241.0,954.5,1036.9
Maurice,Océan Indien,2022,Noix de coco,9562.0,1609.0,5944.4,5259.0
Comores,Océan Indien,2022,Canne à sucre,17382.0,323.0,53810.2,4866.9
Comores,Océan Indien,2022,Vanille,415.0,676.0,614.5,16618.2
Comores,Océan Indien,2022,Café,5648.0,16760.0,337.0,15815.4
Comores,Océan Indien,2022,Girofle,10509.0,9123.0,1151.9,47289.9
Comores,Océan Indien,2022,Noix de coco,66156.0,13522.0,4892.3,36385.6
Seychelles,Océan Indien,2022,Vanille,5.0,11.0,479.5,202.6
Seychelles,Océan Indien,2022,Girofle,55.0,58.0,940.0,247.3
Seychelles,Océan Indien,2022,Noix de coco,3718.0,609.0,6108.0,2045.1
Réunion,Océan Indien,2022,Canne à sucre,1970860.0,24377.0,80848.7,551840.7
Réunion,Océan Indien,2022,Vanille,31.0,52.0,604.7,1259.8
Réunion,Océan Indien,2022,Café,578.0,1272.0,454.1,1617.3
Réunion,Océan Indien,2022,Girofle,35.0,36.0,961.5,156.1
Réunion,Océan Indien,2022,Noix de coco,6662.0,1056.0,6311.3,3664.1
Brésil,Amériques tropicales,2022,Canne à sucre,846221441.0,10883122.0,77755.4,236942003.5
Brésil,Amériques tropicales,2022,Vanille,162.0,293.0,553.5,6479.3
Brésil,Amériques tropicales,2022,Café,3636075.0,2738049.0,1328.0,10181010.0
Brésil,Amériques tropicales,2022,Girofle,17879.0,12489.0,1431.5,80453.6
Brésil,Amériques tropicales,2022,Noix de coco,,,,
Inde,Asie tropicale,2022,Canne à sucre,376956289.0,4719746.0,79867.9,105547760.9
Inde,Asie tropicale,2022,Vanille,250.0,326.0,766.5,10006.1
Inde,Asie tropicale,2022,Café,457366.0,513198.0,891.2,1280623.7
Inde,Asie tropicale,2022,Girofle,82269.0,49759.0,1653.4,370210.4
Inde,Asie tropicale,2022,Noix de coco,17844145.0,2522993.0,7072.6,9814279.8
Thaïlande,Asie tropicale,2022,Canne à sucre,98435366.0,1364315.0,72150.0,27561902.4
Thaïlande,Asie tropicale,2022,Vanille,43.0,90.0,475.9,1719.1
Thaïlande,Asie tropicale,2022,Café,28812.0,44172.0,652.3,80673.0
Thaïlande,Asie tropicale,2022,Girofle,542.0,620.0,875.5,2440.8
Thaïlande,Asie tropicale,2022,Noix de coco,1542894.0,247186.0,6241.8,848591.6
Indonésie,Asie tropicale,2022,Canne à sucre,36464554.0,492200.0,74084.8,10210075.0
Indonésie,Asie tropicale,2022,Vanille,2238.0,3299.0,678.5,89523.1
Indonésie,Asie tropicale,2022,Café,850900.0,1098654.0,774.5,2382518.7
Indonésie,Asie tropicale,2022,Girofle,129940.0,87504.0,1485.0,584731.4
Indonésie,Asie tropicale,2022,Noix de coco,20652831.0,3207746.0,6438.4,11359057.1
Malaisie,Asie tropicale,2022,Canne à sucre,976603.0,8872.0,110074.6,273448.9
Malaisie,Asie tropicale,2022,Vanille,17.0,33.0,518.7,687.0
Malaisie,Asie tropicale,2022,Café,22241.0,38983.0,570.5,62275.9
Malaisie,Asie tropicale,2022,Girofle,1313.0,1063.0,1234.9,5906.3
Malaisie,Asie tropicale,2022,Noix de coco,535048.0,73809.0,7249.1,294276.7
